insert into public.c_deal_type (deal_type_id, type_name, created, changed, is_deleted)
values  (1, 'Sale', '2023-05-12 15:05:58.102199', '2023-05-12 15:05:58.102199', false),
        (2, 'Rent', '2023-05-12 15:06:12.122622', '2023-05-12 15:06:12.123621', false),
        (3, 'Other', '2023-05-12 15:06:29.430588', '2023-05-12 15:06:29.430588', false);

insert into public.c_object_type (object_type_id, object_type_name, created, changed, is_deleted)
values  (1, 'Flat', '2023-05-12 16:36:02.035503', '2023-05-12 16:36:02.035503', false),
        (2, 'House', '2023-05-12 16:36:11.715001', '2023-05-12 16:36:11.715001', false),
        (3, 'Garage', '2023-05-12 16:36:23.366438', '2023-05-12 16:36:23.366438', false),
        (4, 'Offices', '2023-05-12 16:36:40.825489', '2023-05-12 16:46:20.010724', false);

insert into public.roles (role_id, role_name, created, changed, is_deleted)
values  (1, 'ROLE_USER', '2023-05-10 19:50:48.259645', '2023-05-10 19:50:48.260642', false),
        (2, 'ROLE_ADMIN', '2023-05-10 19:51:32.383713', '2023-05-10 19:51:32.383713', false),
        (3, 'ROLE_MODERATOR', '2023-05-10 19:52:07.367273', '2023-05-10 19:52:07.367273', false),
        (4, 'ROLE_OTHER', '2023-05-10 19:52:53.374140', '2023-05-10 19:52:53.374140', false);

insert into public.managers (manager_id, manager_name, surname, birth_date, created, changed, is_deleted, email, manager_password, gender, manager_full_name)
values  (35, 'Adrien', 'Peyro', '1988-10-29 23:08:49.000000', '2023-04-16 16:11:42.000000', '2023-04-16 16:11:42.000000', false, 'apeyroy@liveinternet.ru', 'Y6l2Cyvq7N', 'MALE', 'Adrien Peyro'),
        (19, 'Shepard', 'Penwright', '1993-04-23 02:55:27.000000', '2022-11-02 15:36:23.000000', '2022-11-02 15:36:23.000000', false, 'spenwrighti@creativecommons.org', 'OWFFXOQ', 'MALE', 'Shepard Penwright'),
        (16, 'Beau', 'Lardeur', '1980-07-07 18:27:41.000000', '2023-03-04 21:03:48.000000', '2023-03-04 21:03:48.000000', false, 'blardeurf@disqus.com', 'TQBTwz', 'MALE', 'Beau Lardeur'),
        (41, 'Leora', 'Pedel', '1985-08-31 18:52:22.000000', '2022-06-07 18:54:34.000000', '2022-06-07 18:54:34.000000', false, 'lpedel14@blog.com', 'wNBrRJ3PqNyX', 'FEMALE', 'Leora Pedel'),
        (3, 'Shelly', 'McQuilliam', '1976-11-04 17:51:28.000000', '2022-06-04 11:30:53.000000', '2022-06-04 11:30:53.000000', false, 'smcquilliam2@chron.com', 'j5HfXQ', 'FEMALE', 'Shelly McQuilliam'),
        (8, 'Felicio', 'Machans', '1981-12-21 01:52:40.000000', '2022-08-23 09:20:06.000000', '2022-08-23 09:20:06.000000', false, 'fmachans7@dagondesign.com', 'ZErNkb41DPv', 'MALE', 'Felicio Machans'),
        (46, 'Lindsey', 'Meaton', '1989-01-05 18:07:53.000000', '2022-12-12 10:24:07.000000', '2022-12-12 10:24:07.000000', false, 'lmeaton19@nature.com', 'AbTnyX7', 'FEMALE', 'Lindsey Meaton'),
        (10, 'Courtnay', 'Wapol', '1986-01-02 18:15:55.000000', '2022-07-25 18:37:28.000000', '2022-07-25 18:37:28.000000', false, 'cwapol9@cbsnews.com', 'NNzT8mV44n5', 'FEMALE', 'Courtnay Wapol'),
        (50, 'Daren', 'Baly', '1997-06-07 11:05:20.000000', '2023-01-09 19:20:46.000000', '2023-01-09 19:20:46.000000', false, 'dbaly1d@nature.com', 'p3pHs5ay', 'MALE', 'Daren Baly'),
        (38, 'Brier', 'Bodley', '1994-09-29 15:52:13.000000', '2023-01-18 01:18:11.000000', '2023-01-18 01:18:11.000000', false, 'bbodley11@zdnet.com', 'sA8Vi5yV', 'FEMALE', 'Brier Bodley'),
        (33, 'Catlin', 'Kyne', '1982-01-13 15:01:02.000000', '2022-10-28 06:46:06.000000', '2022-10-28 06:46:06.000000', false, 'ckynew@cmu.edu', '0o86cFHRxUIo', 'FEMALE', 'Catlin Kyne'),
        (13, 'Ingaborg', 'Fleming', '1975-12-31 08:59:23.000000', '2022-11-19 13:44:37.000000', '2022-11-19 13:44:37.000000', false, 'iflemingc@hatena.ne.jp', 'fgUY9KvVJ9J', 'FEMALE', 'Ingaborg Fleming'),
        (2, 'Meredith', 'Costelow', '1975-06-30 06:36:27.000000', '2023-04-01 22:47:47.000000', '2023-04-01 22:47:47.000000', false, 'mcostelow1@1und1.de', 'wV9dUwA5bRq', 'MALE', 'Meredith Costelow'),
        (14, 'Fabe', 'Leeburne', '1980-07-31 01:08:50.000000', '2023-04-24 16:48:03.000000', '2023-04-24 16:48:03.000000', false, 'fleeburned@amazon.co.uk', 'BDsol5PIb9qF', 'MALE', 'Fabe Leeburne'),
        (39, 'Corabella', 'Renner', '1990-12-19 05:43:33.000000', '2023-03-07 20:53:56.000000', '2023-03-07 20:53:56.000000', false, 'crenner12@fotki.com', 'Ie5xqA', 'FEMALE', 'Corabella Renner'),
        (47, 'Liva', 'Croster', '1998-01-04 10:45:25.000000', '2023-02-07 07:19:09.000000', '2023-02-07 07:19:09.000000', false, 'lcroster1a@flavors.me', '03IabMrlOGV', 'FEMALE', 'Liva Croster'),
        (44, 'Kelley', 'Huie', '1994-10-03 14:08:21.000000', '2022-08-26 22:31:29.000000', '2022-08-26 22:31:29.000000', false, 'khuie17@msn.com', '0qeXSleLoCp', 'FEMALE', 'Kelley Huie'),
        (11, 'Stephanus', 'Wakeley', '1983-08-08 22:07:58.000000', '2023-02-26 21:13:15.000000', '2023-02-26 21:13:15.000000', false, 'swakeleya@google.ru', 'xUK7U4S', 'MALE', 'Stephanus Wakeley'),
        (4, 'Kipp', 'Deppen', '1991-06-27 06:10:15.000000', '2023-02-03 11:30:13.000000', '2023-02-03 11:30:13.000000', false, 'kdeppen3@squarespace.com', 'slGqdLth', 'MALE', 'Kipp Deppen'),
        (30, 'Carey', 'Jessope', '1985-11-17 06:20:38.000000', '2022-10-24 19:26:32.000000', '2022-10-24 19:26:32.000000', false, 'cjessopet@ebay.com', 'iIg5htzxVn', 'FEMALE', 'Carey Jessope'),
        (37, 'Jane', 'Logie', '1981-01-25 08:50:38.000000', '2022-09-10 16:33:49.000000', '2022-09-10 16:33:49.000000', false, 'jlogie10@soundcloud.com', 't5PMBvZ', 'FEMALE', 'Jane Logie'),
        (42, 'Aleece', 'Raikes', '1991-08-06 17:55:53.000000', '2023-03-31 17:38:48.000000', '2023-03-31 17:38:48.000000', false, 'araikes15@ucsd.edu', '13MsKrK', 'FEMALE', 'Aleece Raikes'),
        (7, 'Suellen', 'Jagielski', '1996-11-06 05:32:40.000000', '2023-01-19 07:06:01.000000', '2023-01-19 07:06:01.000000', false, 'sjagielski6@boston.com', 'pR980w', 'FEMALE', 'Suellen Jagielski'),
        (6, 'Janice', 'Jahncke', '1990-11-04 20:40:53.000000', '2023-01-27 10:32:00.000000', '2023-01-27 10:32:00.000000', false, 'jjahncke5@360.cn', '9vExbxZOELMO', 'FEMALE', 'Janice Jahncke'),
        (20, 'Dolf', 'Pohlke', '1986-03-03 19:11:56.000000', '2023-03-25 16:47:32.000000', '2023-03-25 16:47:32.000000', false, 'dpohlkej@vistaprint.com', 'bgm1dA', 'MALE', 'Dolf Pohlke'),
        (29, 'Jerrold', 'Wrankmore', '1986-08-05 17:52:22.000000', '2023-03-02 22:03:27.000000', '2023-03-02 22:03:27.000000', false, 'jwrankmores@topsy.com', '9k2Fy2CpZD', 'MALE', 'Jerrold Wrankmore'),
        (28, 'Koenraad', 'Cheese', '1996-02-12 23:55:02.000000', '2023-02-13 16:33:24.000000', '2023-02-13 16:33:24.000000', false, 'kcheeser@ca.gov', 'ME6wQF4', 'MALE', 'Koenraad Cheese'),
        (15, 'Sal', 'Bibb', '1976-02-12 10:10:12.000000', '2022-11-16 13:30:52.000000', '2022-11-16 13:30:52.000000', false, 'sbibbe@imgur.com', 'Ur0vLAte', 'FEMALE', 'Sal Bibb'),
        (12, 'Janette', 'Boise', '2001-04-21 20:46:45.000000', '2022-12-01 09:00:50.000000', '2022-12-01 09:00:50.000000', false, 'jboiseb@1und1.de', '5OpdyeQiRLZf', 'FEMALE', 'Janette Boise'),
        (9, 'Judon', 'Skirvin', '1980-04-17 19:29:31.000000', '2023-02-13 15:20:44.000000', '2023-02-13 15:20:44.000000', false, 'jskirvin8@360.cn', 'BcVUi7SyK', 'MALE', 'Judon Skirvin'),
        (31, 'Niles', 'Price', '1984-09-14 11:10:17.000000', '2022-11-01 07:22:13.000000', '2022-11-01 07:22:13.000000', false, 'npriceu@tumblr.com', 'iNdABrHKsIdb', 'MALE', 'Niles Price'),
        (49, 'Danni', 'Evequot', '2002-08-01 00:55:05.000000', '2022-08-29 14:31:58.000000', '2022-08-29 14:31:58.000000', false, 'devequot1c@miitbeian.gov.cn', 'noOZO3F5w', 'MALE', 'Danni Evequot'),
        (22, 'Steward', 'Ranald', '1978-07-12 23:02:52.000000', '2023-02-11 15:57:50.000000', '2023-02-11 15:57:50.000000', false, 'sranaldl@bloglovin.com', 'Tq2IyTt', 'MALE', 'Steward Ranald'),
        (5, 'Astrix', 'Trinder', '2003-08-22 08:10:52.000000', '2022-11-19 17:57:23.000000', '2022-11-19 17:57:23.000000', false, 'atrinder4@a8.net', 'hhoi2T', 'FEMALE', 'Astrix Trinder'),
        (18, 'Bevin', 'Safell', '1991-04-29 05:23:49.000000', '2022-06-18 03:54:06.000000', '2022-06-18 03:54:06.000000', false, 'bsafellh@wisc.edu', 'NR9imMNv', 'MALE', 'Bevin Safell'),
        (21, 'Kyrstin', 'Doncom', '2001-03-06 08:16:21.000000', '2022-06-21 21:58:25.000000', '2022-06-21 21:58:25.000000', false, 'kdoncomk@google.com.hk', 'IxEKGhT3o', 'FEMALE', 'Kyrstin Doncom'),
        (34, 'Meade', 'Pedwell', '1996-03-25 18:27:19.000000', '2022-11-20 18:50:20.000000', '2022-11-20 18:50:20.000000', false, 'mpedwellx@phoca.cz', 'hzIVimBKsmfD', 'MALE', 'Meade Pedwell'),
        (32, 'Cullie', 'Pinson', '1978-07-17 08:46:37.000000', '2022-11-11 13:55:18.000000', '2022-11-11 13:55:18.000000', false, 'cpinsonv@oaic.gov.au', 'fTDAbUj', 'MALE', 'Cullie Pinson'),
        (25, 'Nicki', 'Nattrass', '1989-02-15 12:54:05.000000', '2022-10-29 07:55:22.000000', '2022-10-29 07:55:22.000000', false, 'nnattrasso@patch.com', 'dnkersyh', 'FEMALE', 'Nicki Nattrass'),
        (36, 'Pascal', 'Cartan', '1978-09-19 07:03:40.000000', '2023-02-17 12:39:14.000000', '2023-02-17 12:39:14.000000', false, 'pcartanz@typepad.com', 'ygccHESzfd', 'MALE', 'Pascal Cartan'),
        (48, 'Danette', 'Hefford', '1975-07-06 06:36:46.000000', '2023-02-06 02:59:04.000000', '2023-02-06 02:59:04.000000', false, 'dhefford1b@imageshack.us', '6WjPXZnBoB', 'FEMALE', 'Danette Hefford'),
        (17, 'Tallia', 'Alder', '1984-04-30 20:40:02.000000', '2022-07-19 07:00:04.000000', '2022-07-19 07:00:04.000000', false, 'talderg@hexun.com', 'piXEiuC', 'FEMALE', 'Tallia Alder'),
        (26, 'Kathlin', 'Gonsalvo', '1998-08-09 07:10:17.000000', '2022-12-21 01:25:09.000000', '2022-12-21 01:25:09.000000', false, 'kgonsalvop@live.com', 'RAG5IxHiZUVR', 'FEMALE', 'Kathlin Gonsalvo'),
        (24, 'Marcelle', 'Itzakovitz', '1998-08-16 17:46:44.000000', '2022-05-13 10:22:23.000000', '2022-05-13 10:22:23.000000', false, 'mitzakovitzn@tamu.edu', 'SXYtyh9byi', 'FEMALE', 'Marcelle Itzakovitz'),
        (43, 'Heywood', 'Corrison', '1992-03-02 01:15:43.000000', '2023-02-25 02:48:05.000000', '2023-02-25 02:48:05.000000', false, 'hcorrison16@princeton.edu', 'LQzSpiSWD', 'MALE', 'Heywood Corrison'),
        (40, 'Lesly', 'Blakemore', '1996-12-24 03:53:55.000000', '2023-02-18 20:37:26.000000', '2023-02-18 20:37:26.000000', false, 'lblakemore13@storify.com', 'RdU08r', 'MALE', 'Lesly Blakemore'),
        (45, 'Cecelia', 'Hynam', '2003-08-12 16:28:25.000000', '2022-06-12 13:34:46.000000', '2022-06-12 13:34:46.000000', false, 'chynam18@hexun.com', 'i8JL14MdB', 'MALE', 'Cecelia Hynam'),
        (51, 'Fenny', 'Galoyt', '2023-03-14 21:24:07.000000', '2023-05-10 18:18:39.721880', '2023-05-10 18:18:39.721880', false, 'fennygal@livernet.ru', '458ffhgfd7N', 'FEMALE', 'Fenny Galoyt'),
        (23, 'Elyn', 'Gleasane', '1990-05-16 06:30:48.000000', '2022-08-01 18:36:50.000000', '2022-08-01 18:36:50.000000', false, 'egleasanem@google.pl', '354ENFxkIm', 'FEMALE', 'Elyn Gleasane'),
        (55, 'Petr', 'Pervi', '2023-03-14 21:24:07.000000', '2023-05-17 17:04:06.832271', '2023-05-17 17:04:06.832271', false, 'petr1@liveinternet.ru', 'TY652Cyvq7N', 'MALE', 'Petr Pervi'),
        (27, 'Defney', 'Molison', '1986-06-22 11:27:38.000000', '2023-05-01 15:11:02.000000', '2023-05-17 17:05:11.102382', false, 'agolt86@net.ru', 'sssjkhsfhf', 'FEMALE', 'Defney Molison'),
        (56, 'Petr', 'Vtoroy', '2023-03-14 21:24:07.000000', '2023-05-18 17:06:11.496219', '2023-05-18 17:06:11.497216', false, 'petr2@liveinternet.ru', 'TY1232Cyvq7N', 'MALE', 'Petr Vtoroy'),
        (1, 'Andree', 'Rolin', '1992-09-08 20:45:46.000000', '2022-07-14 22:10:43.000000', '2022-07-14 22:10:43.000000', false, 'arolin0@phpbb.com', 'AAucNZxIvfm', 'MALE', 'Andree Rolin'),
        (57, 'Olga', 'Komlik', '1992-09-08 20:45:46.000000', '2023-05-22 20:00:57.770225', '2023-05-22 20:00:57.770225', false, 'oluska92@mail.ru', 'eter45sTeam78', 'FEMALE', 'Olga Komlik'),
        (58, 'Rolga', 'Lik', '1992-09-08 20:45:46.000000', '2023-05-22 20:04:34.102017', '2023-05-22 20:04:34.102017', false, 'daffafaa92@mfafil.ru', 'eter45sTeam78', 'FEMALE', 'Rolga Lik'),
        (66, 'Hadria', 'Levane', '2000-02-20 00:25:53.000000', '2023-05-23 00:00:00.000000', '2022-11-28 03:46:35.000000', false, 'hlevane0@adobe.com', 'vMnZsB3D3xk', 'Female', 'Hadria Levane'),
        (67, 'Max', 'Rasmus', '1993-07-12 06:49:00.000000', '2023-05-23 00:00:00.000000', '2022-05-23 14:21:29.000000', false, 'mrasmus1@simplemachines.org', 'kFWtNlg9mM', 'Female', 'Max Rasmus'),
        (68, 'Abbott', 'McCaffery', '1994-06-16 12:16:30.000000', '2023-05-23 00:00:00.000000', '2023-01-21 07:54:48.000000', false, 'amccaffery2@discuz.net', 'VsWKNySXNdr9', 'Male', 'Abbott McCaffery'),
        (69, 'Ogdon', 'Rany', '1987-07-04 04:35:34.000000', '2023-05-23 00:00:00.000000', '2022-05-31 20:17:04.000000', false, 'orany3@biblegateway.com', 'O9pdPE3u', 'Male', 'Ogdon Rany'),
        (70, 'Terry', 'Bulcroft', '1990-12-04 09:10:03.000000', '2023-05-23 00:00:00.000000', '2022-09-17 21:44:39.000000', false, 'tbulcroft4@sohu.com', 'kzNZ4x', 'Female', 'Terry Bulcroft'),
        (71, 'Myron', 'Aitchinson', '1991-01-19 14:44:44.000000', '2023-05-23 00:00:00.000000', '2022-12-13 23:29:05.000000', false, 'maitchinson5@apache.org', '70not0', 'Male', 'Myron Aitchinson'),
        (72, 'Alejandro', 'Beceril', '2002-03-14 02:22:53.000000', '2023-05-23 00:00:00.000000', '2023-01-16 08:04:48.000000', false, 'abeceril6@mozilla.org', 'QtzvUpB0YoF7', 'Male', 'Alejandro Beceril'),
        (73, 'Walsh', 'Blackford', '1997-07-03 20:18:47.000000', '2023-05-23 00:00:00.000000', '2022-10-02 21:36:17.000000', false, 'wblackford7@alexa.com', 'rxFZZ5i', 'Male', 'Walsh Blackford'),
        (74, 'Alley', 'Gandey', '1995-02-16 16:11:57.000000', '2023-05-23 00:00:00.000000', '2022-06-18 14:00:33.000000', false, 'agandey8@alibaba.com', 'rq2bBTd', 'Male', 'Alley Gandey'),
        (75, 'Neel', 'Folling', '1998-07-10 08:21:38.000000', '2023-05-23 00:00:00.000000', '2023-01-20 08:46:20.000000', false, 'nfolling9@amazon.com', 'Fwyf0Euv0MUX', 'Male', 'Neel Folling'),
        (76, 'Bertram', 'Siman', '1991-05-02 08:29:19.000000', '2023-05-23 00:00:00.000000', '2023-05-16 19:28:26.000000', false, 'bsimana@blog.com', 'hlDj0ktD', 'Male', 'Bertram Siman'),
        (77, 'Emili', 'Hutchcraft', '1993-09-28 03:00:55.000000', '2023-05-23 00:00:00.000000', '2023-04-26 04:38:16.000000', false, 'ehutchcraftb@go.com', 'lGLk7jAX', 'Female', 'Emili Hutchcraft'),
        (78, 'Noemi', 'Eberle', '2000-08-23 10:26:23.000000', '2023-05-23 00:00:00.000000', '2023-02-26 11:38:50.000000', false, 'neberlec@bing.com', 'A3NQRs', 'Female', 'Noemi Eberle'),
        (79, 'Monte', 'Waplinton', '1998-12-13 16:19:38.000000', '2023-05-23 00:00:00.000000', '2022-12-28 15:09:55.000000', false, 'mwaplintond@sina.com.cn', 'ENAxZu9pYJ', 'Male', 'Monte Waplinton'),
        (80, 'Loren', 'Clymo', '1998-08-16 03:47:32.000000', '2023-05-23 00:00:00.000000', '2023-02-05 12:27:41.000000', false, 'lclymoe@webs.com', '39zPMHzEiEw', 'Male', 'Loren Clymo'),
        (81, 'Nicoli', 'Michelle', '1995-04-11 13:19:28.000000', '2023-05-23 00:00:00.000000', '2022-07-19 23:56:43.000000', false, 'nmichellef@globo.com', '9rOgZVkLe1Q', 'Female', 'Nicoli Michelle'),
        (82, 'Cross', 'Mansford', '2000-08-13 04:07:55.000000', '2023-05-23 00:00:00.000000', '2022-10-01 05:07:17.000000', false, 'cmansfordg@oracle.com', '5eJ6viJ', 'Male', 'Cross Mansford'),
        (83, 'Pearla', 'Dartnell', '1999-12-23 11:25:40.000000', '2023-05-23 00:00:00.000000', '2022-09-03 09:44:31.000000', false, 'pdartnellh@netscape.com', 'es4tJlKF', 'Female', 'Pearla Dartnell'),
        (84, 'Lemmie', 'Mountney', '1993-10-21 14:59:06.000000', '2023-05-23 00:00:00.000000', '2022-09-14 02:28:31.000000', false, 'lmountneyi@wired.com', 'Dd6Bc3u9Ncf', 'Male', 'Lemmie Mountney'),
        (85, 'Arlina', 'Smithend', '1995-01-23 08:23:12.000000', '2023-05-23 00:00:00.000000', '2023-01-22 19:29:49.000000', false, 'asmithendj@fc2.com', 'nn8s89Xru', 'Female', 'Arlina Smithend'),
        (86, 'Liane', 'Wassell', '1992-07-16 18:42:56.000000', '2023-05-23 00:00:00.000000', '2022-07-29 23:17:00.000000', false, 'lwassellk@godaddy.com', 'Yazeziv', 'Female', 'Liane Wassell'),
        (87, 'Trumann', 'Idel', '1990-11-23 15:30:44.000000', '2023-05-23 00:00:00.000000', '2023-01-31 13:42:30.000000', false, 'tidell@aboutads.info', '6BcaDIZ1l1', 'Male', 'Trumann Idel'),
        (88, 'Olympe', 'Cawley', '2001-01-16 02:20:48.000000', '2023-05-23 00:00:00.000000', '2022-10-28 00:25:03.000000', false, 'ocawleym@goodreads.com', '2QBBKNVkc2O', 'Female', 'Olympe Cawley'),
        (89, 'Mel', 'Hiddy', '1992-02-20 20:01:55.000000', '2023-05-23 00:00:00.000000', '2023-01-20 19:51:29.000000', false, 'mhiddyn@cnbc.com', 'GUqcn90Un', 'Male', 'Mel Hiddy'),
        (90, 'Gloriana', 'Witling', '1988-05-20 04:33:51.000000', '2023-05-23 00:00:00.000000', '2022-11-05 15:29:49.000000', false, 'gwitlingo@bigcartel.com', 'FRqO0WG', 'Female', 'Gloriana Witling'),
        (91, 'Neile', 'Taffarello', '1997-08-26 14:05:56.000000', '2023-05-23 00:00:00.000000', '2022-05-27 01:29:33.000000', false, 'ntaffarellop@webs.com', 'jYpGkBusrHzQ', 'Female', 'Neile Taffarello'),
        (92, 'Colet', 'Mosten', '2001-07-24 02:16:43.000000', '2023-05-23 00:00:00.000000', '2022-06-14 07:31:47.000000', false, 'cmostenq@amazon.com', '3cFgGq', 'Male', 'Colet Mosten'),
        (93, 'Ardenia', 'Stubbes', '1991-07-13 13:55:01.000000', '2023-05-23 00:00:00.000000', '2022-06-09 05:54:54.000000', false, 'astubbesr@shareasale.com', 'HaDKnEIf', 'Female', 'Ardenia Stubbes'),
        (94, 'Beniamino', 'Warkup', '1999-11-24 21:19:13.000000', '2023-05-23 00:00:00.000000', '2023-02-26 21:22:32.000000', false, 'bwarkups@cornell.edu', 'YRQbgFh', 'Male', 'Beniamino Warkup'),
        (95, 'Glynnis', 'Kopta', '2000-04-01 21:29:58.000000', '2023-05-23 00:00:00.000000', '2022-11-21 17:17:05.000000', false, 'gkoptat@unicef.org', '7X0kAyu', 'Female', 'Glynnis Kopta'),
        (96, 'Charis', 'Haucke', '1995-02-07 17:06:36.000000', '2023-05-23 00:00:00.000000', '2022-06-27 12:51:48.000000', false, 'chauckeu@soup.io', 'oea1Q2k5', 'Female', 'Charis Haucke'),
        (97, 'Ernesto', 'Kahen', '1991-02-05 12:04:30.000000', '2023-05-23 00:00:00.000000', '2022-12-31 21:10:28.000000', false, 'ekahenv@flavors.me', 'PaUsuhwU4D', 'Male', 'Ernesto Kahen'),
        (98, 'Modestine', 'Commander', '1997-07-19 14:35:04.000000', '2023-05-23 00:00:00.000000', '2023-03-21 09:23:42.000000', false, 'mcommanderw@nbcnews.com', 'wnRJ1xk0', 'Female', 'Modestine Commander'),
        (99, 'Brandy', 'Sanbrook', '1999-03-25 00:29:42.000000', '2023-05-23 00:00:00.000000', '2023-02-19 07:56:37.000000', false, 'bsanbrookx@topsy.com', 'loNAzMM8a3F', 'Female', 'Brandy Sanbrook'),
        (100, 'Carola', 'Columbell', '1993-10-31 10:36:46.000000', '2023-05-23 00:00:00.000000', '2023-01-23 02:50:49.000000', false, 'ccolumbelly@wsj.com', 'wneWJrFqLHQN', 'Female', 'Carola Columbell'),
        (101, 'Rubia', 'Ackerley', '2003-02-11 01:36:22.000000', '2023-05-23 00:00:00.000000', '2023-03-24 22:04:01.000000', false, 'rackerleyz@themeforest.net', 'HArvU7D', 'Female', 'Rubia Ackerley'),
        (102, 'Raffarty', 'Trewin', '1997-04-10 15:44:29.000000', '2023-05-23 00:00:00.000000', '2023-01-03 11:54:09.000000', false, 'rtrewin10@webmd.com', 'F74Kfg6nb2', 'Male', 'Raffarty Trewin'),
        (103, 'Susannah', 'Speenden', '1994-12-13 14:15:51.000000', '2023-05-23 00:00:00.000000', '2022-07-19 10:55:40.000000', false, 'sspeenden11@angelfire.com', 'SLqGLmN', 'Female', 'Susannah Speenden'),
        (104, 'Saxon', 'Garley', '1996-03-21 05:08:10.000000', '2023-05-23 00:00:00.000000', '2023-02-11 10:49:56.000000', false, 'sgarley12@fotki.com', 'KbQJk6xKaZ', 'Male', 'Saxon Garley'),
        (105, 'Walther', 'Brafferton', '1987-09-30 06:58:33.000000', '2023-05-23 00:00:00.000000', '2022-11-07 12:40:11.000000', false, 'wbrafferton13@e-recht24.de', 'KI1s6S', 'Male', 'Walther Brafferton'),
        (106, 'Linea', 'Ilden', '1991-01-19 09:42:06.000000', '2023-05-23 00:00:00.000000', '2023-03-23 07:57:10.000000', false, 'lilden14@hc360.com', 'zkauzp1U2k', 'Female', 'Linea Ilden'),
        (107, 'Reggi', 'Finnes', '1998-02-22 19:23:54.000000', '2023-05-23 00:00:00.000000', '2022-11-04 04:47:33.000000', false, 'rfinnes15@geocities.com', 'HspkowQPx7', 'Female', 'Reggi Finnes'),
        (108, 'Aviva', 'Pales', '1999-05-16 06:02:07.000000', '2023-05-23 00:00:00.000000', '2022-11-16 06:23:56.000000', false, 'apales16@businesswire.com', '1MKqP4STeC', 'Female', 'Aviva Pales'),
        (109, 'Kizzie', 'Matthensen', '2002-02-20 20:43:55.000000', '2023-05-23 00:00:00.000000', '2022-11-28 11:31:42.000000', false, 'kmatthensen17@w3.org', 'CZtK1DTo', 'Female', 'Kizzie Matthensen'),
        (110, 'Corrie', 'Enston', '1987-07-29 15:40:48.000000', '2023-05-23 00:00:00.000000', '2022-06-01 23:33:28.000000', false, 'censton18@moonfruit.com', 'mQfkMlQbIX6', 'Female', 'Corrie Enston'),
        (111, 'Lanny', 'Feast', '1999-12-03 22:34:47.000000', '2023-05-23 00:00:00.000000', '2022-11-16 09:27:14.000000', false, 'lfeast19@seattletimes.com', 'qOkHsLz', 'Female', 'Lanny Feast'),
        (112, 'Aleen', 'Lechmere', '1989-02-17 04:47:50.000000', '2023-05-23 00:00:00.000000', '2023-02-27 05:08:35.000000', false, 'alechmere1a@pcworld.com', 'hEaMNgvi', 'Female', 'Aleen Lechmere'),
        (113, 'Lorraine', 'Hebdon', '1995-11-12 02:29:24.000000', '2023-05-23 00:00:00.000000', '2023-02-11 06:04:50.000000', false, 'lhebdon1b@washingtonpost.com', 'CmKy3qs', 'Female', 'Lorraine Hebdon'),
        (114, 'Micheline', 'Cisco', '1999-06-30 22:58:28.000000', '2023-05-23 00:00:00.000000', '2023-01-28 09:35:39.000000', false, 'mcisco1c@ustream.tv', 'TOl0PnMgpyDw', 'Female', 'Micheline Cisco'),
        (115, 'Bartlet', 'Simmill', '1987-07-08 22:53:13.000000', '2023-05-23 00:00:00.000000', '2022-12-22 20:44:04.000000', false, 'bsimmill1d@hubpages.com', 'YU0PFbB', 'Male', 'Bartlet Simmill'),
        (116, 'Volga', 'Likd', '1992-09-08 20:45:46.000000', '2023-05-23 14:01:20.369348', '2023-05-23 14:01:20.369348', false, 'd458fafaa92@mfafil.ru', 'ddd5sTeam78', 'FEMALE', 'Volga Likd');

insert into public.locations (location_id, city, district, region, created, changed, is_deleted, country)
values  (1, 'Minsk', 'Centralny', 'Minskaya', '2023-05-12 17:17:20.466212', '2023-05-12 17:17:20.466212', false, 'Belarus'),
        (2, 'Minsk', 'Moskovskiy', 'Minskaya', '2023-05-12 17:17:56.958348', '2023-05-12 17:17:56.958348', false, 'Belarus'),
        (3, 'Minsk', 'Frunzencky', 'Minskaya', '2023-05-12 17:18:14.053455', '2023-05-12 17:19:55.204343', false, 'Belarus'),
        (4, 'Grodno', 'Centralny', 'Grodnenskaya', '2023-05-17 15:43:53.000000', '2023-05-17 15:43:55.000000', false, 'Belarus'),
        (5, 'Grodno', 'Moskovskiy', 'Grodnenskaya', '2023-05-17 15:43:53.000000', '2023-05-17 15:43:53.000000', false, 'Belarus'),
        (6, 'Grodno', 'Frunzencky', 'Grodnenskaya', '2023-05-17 15:43:53.000000', '2023-05-17 15:43:53.000000', false, 'Belarus'),
        (7, 'Brest', 'Centralny', 'Brestskaya', '2023-05-12 17:17:20.466212', '2023-05-12 17:17:20.466212', false, 'Belarus'),
        (10, 'Brest', 'Moskovsky', 'Brestskaya', '2023-05-12 17:17:20.466212', '2023-05-12 17:17:20.466212', false, 'Belarus'),
        (11, 'Brest', 'Sovetskiy', 'Brestskaya', '2023-05-18 12:07:53.503265', '2023-05-18 12:07:53.503265', false, 'Belarus'),
        (12, 'Minsk', 'Sovetskiy', 'Minskaya', '2023-05-18 12:07:53.503265', '2023-05-18 12:07:53.503265', false, 'Belarus'),
        (13, 'Grodno', 'Sovetskiy', 'Grodnenskaya', '2023-05-18 12:07:53.503265', '2023-05-18 12:07:53.503265', false, 'Belarus'),
        (14, 'Vitebsk', 'Sovetskiy', 'Vitebskaya', '2023-05-18 12:07:53.503265', '2023-05-18 12:07:53.503265', false, 'Belarus'),
        (15, 'Mogilev', 'Sovetskiy', 'Mogilevskaya', '2023-05-18 12:07:53.503265', '2023-05-18 12:07:53.503265', false, 'Belarus'),
        (16, 'Molodechno', 'Sovetskiy', 'Molodechnenskaya', '2023-05-18 12:07:53.503265', '2023-05-18 12:07:53.503265', false, 'Belarus'),
        (17, 'Vitebsk', 'Centralny', 'Vitebskaya', '2023-05-18 12:07:53.503265', '2023-05-18 12:07:53.503265', false, 'Belarus'),
        (18, 'Mogilev', 'Centralny', 'Mogilevskaya', '2023-05-18 12:07:53.503265', '2023-05-18 12:07:53.503265', false, 'Belarus'),
        (19, 'Molodechno', 'Centralny', 'Molodechnenskaya', '2023-05-18 12:07:53.503265', '2023-05-18 12:07:53.503265', false, 'Belarus'),
        (20, 'Brest', 'Frunzencky', 'Brestskaya', '2023-05-18 12:07:53.503265', '2023-05-18 12:07:53.503265', false, 'Belarus'),
        (21, 'Vitebsk', 'Frunzencky', 'Vitebskaya', '2023-05-18 12:07:53.503265', '2023-05-18 12:07:53.503265', false, 'Belarus'),
        (22, 'Mogilev', 'Frunzencky', 'Mogilevskaya', '2023-05-18 12:07:53.503265', '2023-05-18 12:07:53.503265', false, 'Belarus'),
        (23, 'Molodechno', 'Frunzencky', 'Molodechnenskaya', '2023-05-18 12:07:53.503265', '2023-05-18 12:07:53.503265', false, 'Belarus'),
        (24, 'Vitebsk', 'Moskovsky', 'Vitebskaya', '2023-05-18 12:07:53.503265', '2023-05-18 12:07:53.503265', false, 'Belarus'),
        (25, 'Mogilev', 'Moskovsky', 'Mogilevskaya', '2023-05-18 12:07:53.503265', '2023-05-18 12:07:53.503265', false, 'Belarus'),
        (26, 'Molodechno', 'Moskovsky', 'Molodechnenskaya', '2023-05-18 12:07:53.503265', '2023-05-18 12:07:53.503265', false, 'Belarus'),
        (27, 'Brest', 'Avtazavodskoy', 'Brestskaya', '2023-05-18 12:07:53.503265', '2023-05-18 12:07:53.503265', false, 'Belarus'),
        (28, 'Minsk', 'Avtazavodskoy', 'Minskaya', '2023-05-18 12:07:53.503265', '2023-05-18 12:07:53.503265', false, 'Belarus'),
        (29, 'Grodno', 'Avtazavodskoy', 'Grodnenskaya', '2023-05-18 12:07:53.503265', '2023-05-18 12:07:53.503265', false, 'Belarus'),
        (30, 'Vitebsk', 'Avtazavodskoy', 'Vitebskaya', '2023-05-18 12:07:53.503265', '2023-05-18 12:07:53.503265', false, 'Belarus'),
        (31, 'Mogilev', 'Avtazavodskoy', 'Mogilevskaya', '2023-05-18 12:07:53.503265', '2023-05-18 12:07:53.503265', false, 'Belarus'),
        (32, 'Molodechno', 'Avtazavodskoy', 'Molodechnenskaya', '2023-05-18 12:07:53.503265', '2023-05-18 12:07:53.503265', false, 'Belarus'),
        (33, 'Brest', 'Traktorniy', 'Brestskaya', '2023-05-18 12:07:53.503265', '2023-05-18 12:07:53.503265', false, 'Belarus'),
        (34, 'Minsk', 'Traktorniy', 'Minskaya', '2023-05-18 12:07:53.503265', '2023-05-18 12:07:53.503265', false, 'Belarus'),
        (35, 'Grodno', 'Traktorniy', 'Grodnenskaya', '2023-05-18 12:07:53.503265', '2023-05-18 12:07:53.503265', false, 'Belarus'),
        (36, 'Vitebsk', 'Traktorniy', 'Vitebskaya', '2023-05-18 12:07:53.503265', '2023-05-18 12:07:53.503265', false, 'Belarus'),
        (37, 'Mogilev', 'Traktorniy', 'Mogilevskaya', '2023-05-18 12:07:53.503265', '2023-05-18 12:07:53.503265', false, 'Belarus'),
        (38, 'Molodechno', 'Traktorniy', 'Molodechnenskaya', '2023-05-18 12:07:53.503265', '2023-05-18 12:07:53.503265', false, 'Belarus'),
        (39, 'Brest', 'Pervimaiskiy', 'Brestskaya', '2023-05-18 12:07:53.503265', '2023-05-18 12:07:53.503265', false, 'Belarus'),
        (40, 'Minsk', 'Pervimaiskiy', 'Minskaya', '2023-05-18 12:07:53.503265', '2023-05-18 12:07:53.503265', false, 'Belarus'),
        (41, 'Grodno', 'Pervimaiskiy', 'Grodnenskaya', '2023-05-18 12:07:53.503265', '2023-05-18 12:07:53.503265', false, 'Belarus'),
        (42, 'Vitebsk', 'Pervimaiskiy', 'Vitebskaya', '2023-05-18 12:07:53.503265', '2023-05-18 12:07:53.503265', false, 'Belarus'),
        (43, 'Mogilev', 'Pervimaiskiy', 'Mogilevskaya', '2023-05-18 12:07:53.503265', '2023-05-18 12:07:53.503265', false, 'Belarus'),
        (44, 'Molodechno', 'Pervimaiskiy', 'Molodechnenskaya', '2023-05-18 12:07:53.503265', '2023-05-18 12:07:53.503265', false, 'Belarus');

insert into public.companies (company_id, company_name, unp_num, director_full_name, phone_num, created, changed, is_deleted, date_create_company, address, director_name, director_surname, checking_account, bank_name)
values  (1, 'OOO Roga i Koputa', '123456789', 'Anton Kovalev', '375295489965', '2023-05-12 18:05:32.207830', '2023-05-12 18:05:32.207830', false, '1986-06-22 11:27:38.000000', 'Belarus Minsk, Lobonka 58 str.', 'Anton', 'Kovalev', 'BY20 OLMP 3135 0000 0010 0000 0933', 'OAO DobrabutBank'),
        (2, 'OOO Chesnok', '145875677', 'Kate Kot', '375295778995', '2023-05-12 18:08:06.227356', '2023-05-12 18:08:06.227356', false, '1996-08-22 11:27:38.000000', 'Belarus Minsk, Polinko 58 str.', 'Kate', 'Kot', 'BY87 ORRB 3135 7896 0010 0000 0933', 'OAO RRBBank'),
        (3, 'OOO Kub', '789563417', 'Irina Pes', '375296548796', '2023-05-17 15:47:29.000000', '2023-05-17 15:47:29.000000', false, '1998-08-22 11:27:38.000000', 'Belarus Minsk, Glofr 59 str.', 'Irina', 'Pes', 'BY87 ORRB 3135 5263 0010 0000 0933', 'OAO RRBBank'),
        (4, 'OAO Gydok', '789563214', 'Gosha Kot', '375297548796', '2023-05-17 15:47:29.000000', '2023-05-17 15:47:29.000000', false, '1996-06-22 11:27:38.000000', 'Belarus Minsk, Lotresa 13 str.', 'Gosha', 'Fot', 'BY87 ORRB 3135 7896 0010 0000 9874', 'OAO RRBBank'),
        (5, 'ZAO Frodo', '758964123', 'Gleb Hot', '375296548791', '2023-05-17 15:47:29.000000', '2023-05-17 15:47:29.000000', false, '2000-08-25 11:27:38.000000', 'Belarus Minsk, Notilusa 7 str.', 'Gleb', 'Hot', 'BY87 ORRB 4569 7896 0010 0000 0933', 'OAO RRBBank'),
        (9, 'O''Kon Group', '725207996', 'Ermina Gronw', '375984388677', '2023-05-18 00:00:00.000000', '2023-05-18 00:00:00.000000', false, '1975-02-15 20:30:04.000000', '53155 Elmside Road', 'Ermina', 'Gronw', 'MK69 971M JEVF Y3YX L02', 'SunTrust Bank'),
        (39, 'Bechtelar-Labadie', '182027955', 'Lexine Raspison', '375191236022', '2023-05-18 00:00:00.000000', '2023-05-18 00:00:00.000000', false, '1946-10-10 23:07:36.000000', '99245 Lerdahl Parkway', 'Lexine', 'Raspison', 'DK81 7516 1462 9887 81', 'PNC Bank'),
        (33, 'Legros, Watsica and Greenholt', '509656962', 'Corabelle Pestricke', '375985705514', '2023-05-18 00:00:00.000000', '2023-05-18 00:00:00.000000', false, '2003-10-08 01:39:00.000000', '32 Cardinal Terrace', 'Corabelle', 'Pestricke', 'FO62 5552 1901 7668 34', 'HSBC Bank'),
        (34, 'Zemlak Group', '816441922', 'Karlene Naile', '375485314168', '2023-05-18 00:00:00.000000', '2023-05-18 00:00:00.000000', false, '1908-12-12 00:30:39.000000', '394 Sherman Circle', 'Karlene', 'Naile', 'FR58 0800 5444 22FZ RCLM LQG7 F50', 'BB&T Bank'),
        (31, 'Cole, Veum and Hoppe', '858162645', 'Theo Flowitt', '375780374255', '2023-05-18 00:00:00.000000', '2023-05-18 00:00:00.000000', false, '1944-10-09 16:53:44.000000', '052 Moland Court', 'Theo', 'Flowitt', 'FR88 2337 3601 37NO YK39 KS17 619', 'TD Bank'),
        (36, 'Bashirian-Sauer', '110780378', 'Arv Foxhall', '375440714546', '2023-05-18 00:00:00.000000', '2023-05-18 00:00:00.000000', false, '1959-08-26 21:14:45.000000', '118 School Plaza', 'Arv', 'Foxhall', 'SE88 4494 4799 1602 2545 3807', 'Comerica Bank'),
        (37, 'Welch, Gulgowski and Koch', '869135622', 'Cathie Harrow', '375579768399', '2023-05-18 00:00:00.000000', '2023-05-18 00:00:00.000000', false, '1980-02-11 08:14:37.000000', '91383 Little Fleur Drive', 'Cathie', 'Harrow', 'BH42 UTPX OTM1 GQW5 AJ9U JO', 'Fifth Third Bank'),
        (38, 'Langosh and Sons', '861224214', 'Wendel Rundall', '375904449083', '2023-05-18 00:00:00.000000', '2023-05-18 00:00:00.000000', false, '1914-11-15 19:14:26.000000', '8 Spohn Trail', 'Wendel', 'Rundall', 'PL92 2828 7055 1618 0189 0470 1314', 'Regions Bank'),
        (29, 'Russel LLC', '817636430', 'Aluino Lehrer', '375935965597', '2023-05-18 00:00:00.000000', '2023-05-18 00:00:00.000000', false, '1945-11-15 01:39:25.000000', '036 Birchwood Lane', 'Aluino', 'Lehrer', 'MK37 751T FRKY ACCP I29', 'US Bank'),
        (35, 'Huel, Keebler and Marquardt', '900646943', 'Chas Hudspith', '375205895466', '2023-05-18 00:00:00.000000', '2023-05-18 00:00:00.000000', false, '1976-12-06 08:32:10.000000', '3588 Meadow Valley Avenue', 'Chas', 'Hudspith', 'KZ27 456Q EQIW OVNK OSGC', 'Santander Bank'),
        (28, 'Flatley-Hahn', '939831451', 'Nat Dominiak', '375781448377', '2023-05-18 00:00:00.000000', '2023-05-18 00:00:00.000000', false, '1951-04-17 05:26:53.000000', '86 Clove Way', 'Nat', 'Dominiak', 'IL29 0572 2628 8002 9797 836', 'Regions Bank'),
        (30, 'Brekke, Robel and Deckow', '727968507', 'Alecia Merrgan', '375727168289', '2023-05-18 00:00:00.000000', '2023-05-18 00:00:00.000000', false, '1983-06-03 04:25:48.000000', '187 Graedel Hill', 'Alecia', 'Merrgan', 'GL82 2477 2062 7756 44', 'Comerica Bank'),
        (32, 'Bartoletti-Marks', '499376479', 'Alexandre Stawell', '375492399978', '2023-05-18 00:00:00.000000', '2023-05-18 00:00:00.000000', false, '1932-01-09 12:35:05.000000', '12 Canary Park', 'Alexandre', 'Stawell', 'LU49 681L GSTF L1HQ GJJM', 'Regions Bank'),
        (17, 'Will Inc', '652028602', 'Erik Hurleston', '375334864355', '2023-05-18 00:00:00.000000', '2023-05-18 00:00:00.000000', false, '1924-08-29 10:27:28.000000', '610 Pankratz Point', 'Erik', 'Hurleston', 'FR50 9466 0305 31GI EWRI ZRBZ F42', 'BB&T Bank'),
        (21, 'O''Reilly Group', '136550843', 'Leo Elcom', '375836563488', '2023-05-18 00:00:00.000000', '2023-05-18 00:00:00.000000', false, '1980-03-09 19:42:42.000000', '26 Summit Terrace', 'Leo', 'Elcom', 'AZ12 MYHT PQO9 3TRN ATR0 CYQQ 7NKK', 'Bank of America'),
        (18, 'Smitham, Hettinger and Bins', '469557492', 'Sofie Avraham', '375753831455', '2023-05-18 00:00:00.000000', '2023-05-18 00:00:00.000000', false, '1982-11-09 23:07:37.000000', '5 Kennedy Pass', 'Sofie', 'Avraham', 'AD79 6898 9519 RJQY UUQY WXLE', 'M&T Bank'),
        (16, 'Romaguera and Sons', '505837991', 'Gaye Elliman', '375887262478', '2023-05-18 00:00:00.000000', '2023-05-18 00:00:00.000000', false, '2000-10-29 01:17:47.000000', '7 Farmco Circle', 'Gaye', 'Elliman', 'KW63 AYUD 5SDL KYBP FQKJ 4LE8 J0ZD MW', 'Wells Fargo'),
        (7, 'Franecki-Herman', '908146472', 'Donaugh Bingley', '375811750656', '2023-05-18 00:00:00.000000', '2023-05-18 00:00:00.000000', false, '1948-11-03 07:37:22.000000', '7 Fairfield Hill', 'Donaugh', 'Bingley', 'PT11 7230 6129 8518 6959 5854 9', 'Webster Bank'),
        (12, 'Champlin-Kessler', '525307214', 'Hubie Abdy', '375435086955', '2023-05-18 00:00:00.000000', '2023-05-18 00:00:00.000000', false, '1920-11-23 12:50:30.000000', '81729 David Parkway', 'Hubie', 'Abdy', 'RS67 3802 6471 5076 8932 66', 'Wells Fargo'),
        (11, 'Zieme Group', '913760403', 'Wheeler Roselli', '375178270444', '2023-05-18 00:00:00.000000', '2023-05-18 00:00:00.000000', false, '1989-11-22 09:12:51.000000', '5228 Coleman Road', 'Wheeler', 'Roselli', 'GE52 VO06 2217 5881 1517 13', 'First Citizens Bank'),
        (26, 'Mante Inc', '568684030', 'Reggi Feldstein', '375268673988', '2023-05-18 00:00:00.000000', '2023-05-18 00:00:00.000000', false, '1935-05-24 04:53:28.000000', '99 Nobel Center', 'Reggi', 'Feldstein', 'AL23 8969 0577 Y0PK DZNG VIJJ BSDH', 'TD Bank'),
        (20, 'Pagac, Reichel and Walsh', '598031028', 'Lek Rutt', '375801535178', '2023-05-18 00:00:00.000000', '2023-05-18 00:00:00.000000', false, '1973-05-16 17:09:28.000000', '164 Fieldstone Crossing', 'Lek', 'Rutt', 'NL95 IGGG 6634 4779 48', 'KeyBank'),
        (6, 'Sanford LLC', '329865097', 'Jeanine Filippov', '375104898844', '2023-05-18 00:00:00.000000', '2023-05-18 00:00:00.000000', false, '1949-12-24 01:55:11.000000', '30116 Sunfield Road', 'Jeanine', 'Filippov', 'FR95 7896 5494 00AI 3PBD E89I S41', 'SunTrust Bank'),
        (27, 'Koss, Ruecker and Vandervort', '230445843', 'Langsdon Fortune', '375295830744', '2023-05-18 00:00:00.000000', '2023-05-18 00:00:00.000000', false, '1928-12-16 23:29:49.000000', '906 Green Junction', 'Langsdon', 'Fortune', 'TN29 4644 2776 3877 2177 4348', 'Santander Bank'),
        (23, 'Nicolas Inc', '912035629', 'Broderic Cranshaw', '375780668655', '2023-05-18 00:00:00.000000', '2023-05-18 00:00:00.000000', false, '2020-08-07 18:54:09.000000', '37 Melby Point', 'Broderic', 'Cranshaw', 'IL13 3725 0257 4765 4849 057', 'Bank of America'),
        (22, 'Stanton, Schuster and Harber', '230611218', 'Cart Birdwhistell', '375605185066', '2023-05-18 00:00:00.000000', '2023-05-18 00:00:00.000000', false, '1953-01-02 12:17:29.000000', '4886 West Terrace', 'Cart', 'Birdwhistell', 'HR40 6897 0455 7169 8862 5', 'Comerica Bank'),
        (15, 'Steuber, Dooley and Klein', '558184558', 'Peggy Heymes', '375864293925', '2023-05-18 00:00:00.000000', '2023-05-18 00:00:00.000000', false, '1989-08-02 22:55:50.000000', '8 Cardinal Drive', 'Peggy', 'Heymes', 'MK47 692A FB8G N6KO K47', 'US Bank'),
        (14, 'Considine Group', '108645503', 'Trefor Burwood', '375616515378', '2023-05-18 00:00:00.000000', '2023-05-18 00:00:00.000000', false, '1999-06-20 04:07:29.000000', '2203 Thierer Crossing', 'Trefor', 'Burwood', 'LB83 4076 EBXH LCN6 BURK EAYH VS8S', 'Webster Bank'),
        (13, 'Swaniawski, Spencer and Cormier', '741870165', 'Vernen Bedle', '375462880344', '2023-05-18 00:00:00.000000', '2023-05-18 00:00:00.000000', false, '1997-08-18 08:22:36.000000', '75 Nevada Terrace', 'Vernen', 'Bedle', 'RS59 2600 4784 1914 9160 21', 'Chase Bank'),
        (19, 'Jakubowski, Mayert and Reichert', '734735117', 'Nathanial Caines', '375388149656', '2023-05-18 00:00:00.000000', '2023-05-18 00:00:00.000000', false, '1941-04-27 04:46:21.000000', '95092 Kenwood Drive', 'Nathanial', 'Caines', 'BA90 2335 8185 0327 9962', 'First Citizens Bank'),
        (10, 'Green-Oberbrunner', '363976361', 'Samson Cankett', '375451214785', '2023-05-18 00:00:00.000000', '2023-05-18 00:00:00.000000', false, '1962-09-23 09:29:24.000000', '6722 Miller Plaza', 'Samson', 'Cankett', 'GE71 ZD25 9321 3546 4999 22', 'BB&T Bank'),
        (24, 'Effertz, Kozey and Lehner', '983093268', 'Orella Fader', '375658871255', '2023-05-18 00:00:00.000000', '2023-05-18 00:00:00.000000', false, '2019-03-31 21:13:27.000000', '99 Katie Park', 'Orella', 'Fader', 'FR44 4482 9146 32BO LOKZ PQRS 497', 'BB&T Bank'),
        (8, 'Tillman Group', '373258221', 'Marius Stanbra', '375521686852', '2023-05-18 00:00:00.000000', '2023-05-18 00:00:00.000000', false, '1957-06-25 15:32:01.000000', '735 Manitowish Trail', 'Marius', 'Stanbra', 'SE70 4391 1523 7496 7766 9784', 'Webster Bank'),
        (25, 'Gutkowski, Klein and Harvey', '729914402', 'Lorrin Culligan', '375199334355', '2023-05-18 00:00:00.000000', '2023-05-18 00:00:00.000000', false, '1937-03-20 14:54:37.000000', '2 Troy Street', 'Lorrin', 'Culligan', 'RS71 5918 6299 8031 1352 55', 'Capital One'),
        (50, 'Heaney-Abernathy', '173333899', 'Ethelyn Cristoforetti', '375508168996', '2023-05-18 00:00:00.000000', '2023-05-18 00:00:00.000000', false, '1935-02-12 06:03:07.000000', '668 3rd Parkway', 'Ethelyn', 'Cristoforetti', 'CH89 9131 5HAU CHNH LV0Z E', 'Regions Bank'),
        (41, 'Maggio-Bruen', '250808690', 'Sholom Baddoe', '375550519766', '2023-05-18 00:00:00.000000', '2023-05-18 00:00:00.000000', false, '1952-08-03 06:58:03.000000', '07183 Service Lane', 'Sholom', 'Baddoe', 'AE22 0836 0185 3788 6355 762', 'Webster Bank'),
        (43, 'Reichert-Boyle', '435712564', 'Llywellyn Borrett', '375473083686', '2023-05-18 00:00:00.000000', '2023-05-18 00:00:00.000000', false, '1950-09-12 06:26:58.000000', '1 Evergreen Place', 'Llywellyn', 'Borrett', 'NL56 WMYN 6609 7074 65', 'BB&T Bank'),
        (40, 'Klein and Sons', '256154714', 'Ninette Harvey', '375113576099', '2023-05-18 00:00:00.000000', '2023-05-18 00:00:00.000000', false, '1955-12-02 04:02:14.000000', '17 Twin Pines Drive', 'Ninette', 'Harvey', 'AL61 7779 9289 JIVS FUKE 5XJP 7WII', 'Fifth Third Bank'),
        (44, 'Bergnaum, Wuckert and Boyer', '375545655', 'Levon Standish-Brooks', '375775300475', '2023-05-18 00:00:00.000000', '2023-05-18 00:00:00.000000', false, '1952-11-10 09:15:08.000000', '8 Merrick Trail', 'Levon', 'Standish-Brooks', 'MR70 2556 6698 4548 6794 2761 937', 'First Citizens Bank'),
        (42, 'Cremin Group', '420919556', 'Toma Rene', '375171146122', '2023-05-18 00:00:00.000000', '2023-05-18 00:00:00.000000', false, '2004-08-31 11:56:48.000000', '74904 Pawling Place', 'Toma', 'Rene', 'FI48 5917 2355 6533 62', 'US Bank'),
        (54, 'Reynolds-Senger', '558739001', 'Joela Millar', '375139294699', '2023-05-18 00:00:00.000000', '2023-05-18 00:00:00.000000', false, '1918-11-19 07:02:22.000000', '2953 Erie Alley', 'Joela', 'Millar', 'SM96 O234 5092 443D X1PA GAAN A4D', 'Regions Bank'),
        (47, 'Lowe-Dicki', '723252668', 'Bearnard Gerrit', '375837762380', '2023-05-18 00:00:00.000000', '2023-05-18 00:00:00.000000', false, '2012-01-08 02:40:48.000000', '06 Bonner Hill', 'Bearnard', 'Gerrit', 'TR42 0115 1RQ0 KBZU X8B7 XDPW WG', 'Bank of America'),
        (48, 'Schumm-Mohr', '962420695', 'Kory Burfoot', '375192346422', '2023-05-18 00:00:00.000000', '2023-05-18 00:00:00.000000', false, '1933-11-29 03:40:02.000000', '9562 Comanche Pass', 'Kory', 'Burfoot', 'GE83 FB71 4320 8988 9276 69', 'Wells Fargo'),
        (52, 'Herman, Hahn and Little', '873082177', 'Brigham MacKaig', '375392117833', '2023-05-18 00:00:00.000000', '2023-05-18 00:00:00.000000', false, '1901-09-03 03:14:53.000000', '1 Elmside Plaza', 'Brigham', 'MacKaig', 'MR29 6365 6061 5851 5604 1063 639', 'Webster Bank'),
        (49, 'Bartoletti Inc', '909358649', 'Meade Mullin', '375608380466', '2023-05-18 00:00:00.000000', '2023-05-18 00:00:00.000000', false, '1900-06-10 01:30:00.000000', '60 Anderson Way', 'Meade', 'Mullin', 'IS34 9741 0363 1104 1535 3966 63', 'Santander Bank'),
        (45, 'Kris-Ward', '682426908', 'Alyce Crummie', '375880027582', '2023-05-18 00:00:00.000000', '2023-05-18 00:00:00.000000', false, '1949-04-07 18:12:20.000000', '186 Loomis Park', 'Alyce', 'Crummie', 'FR33 7096 8702 22GL ADUC IUEG F77', 'US Bank'),
        (55, 'Bosco-Boyle', '271219656', 'Felicity Parnby', '375899442243', '2023-05-18 00:00:00.000000', '2023-05-18 00:00:00.000000', false, '2012-03-09 22:50:52.000000', '4017 Lakewood Gardens Terrace', 'Felicity', 'Parnby', 'TR77 2888 2BVT UZ1X P4OA LIDF RQ', 'Fifth Third Bank'),
        (51, 'D''Amore and Sons', '842900880', 'Gertie McNellis', '375152991399', '2023-05-18 00:00:00.000000', '2023-05-18 00:00:00.000000', false, '1934-01-14 11:15:40.000000', '220 Northwestern Point', 'Gertie', 'McNellis', 'SE93 1503 5735 9129 2114 1375', 'TD Bank'),
        (53, 'Mueller, Fadel and Fadel', '966283899', 'Jay Haste', '375515210169', '2023-05-18 00:00:00.000000', '2023-05-18 00:00:00.000000', false, '1992-08-10 18:28:17.000000', '24507 Drewry Way', 'Jay', 'Haste', 'NO81 4097 0281 044', 'HSBC Bank'),
        (46, 'Reilly Group', '219804293', 'Karolina Goodship', '375134626499', '2023-05-18 00:00:00.000000', '2023-05-18 00:00:00.000000', false, '1966-08-08 22:50:18.000000', '968 Artisan Court', 'Karolina', 'Goodship', 'AD57 7596 6979 RPNL 0NRO BGYL', 'Fifth Third Bank'),
        (56, 'Lyk i Chesnok', '178975677', 'Kate Kot', '375295778988', '2023-05-22 14:38:28.053003', '2023-05-22 14:57:42.953360', false, '1996-08-22 11:27:38.000000', 'Belarus Minsk, Polinko 68 str.', 'Kate', 'Kot', 'BY87 ORRB 3135 7896 0010 0000 0833', 'OAO RRBBank');

insert into public.persons (person_id, person_name, surname, birth_date, passport_num, phone_num, created, changed, is_deleted, person_full_name)
values  (1, 'Kate', 'Lobre', '1996-08-22 11:27:38.000000', 'MR3245678', '375296358967', '2023-05-12 18:25:35.854491', '2023-05-12 18:25:35.854491', false, 'Kate Lobre'),
        (2, 'Olga', 'Myay', '1992-03-22 10:27:38.000000', 'MP3245638', '375294568932', '2023-05-12 18:26:50.130794', '2023-05-12 18:26:50.130794', false, 'Olga Myay'),
        (3, 'Anna', 'Ren', '1985-03-22 10:27:38.000000', 'MP3245644', '375294568785', '2023-05-17 15:51:00.000000', '2023-05-17 15:51:00.000000', false, 'Anna Ren'),
        (4, 'Den', 'Sert', '2002-05-23 10:27:38.000000', 'MP3244538', '375294568978', '2023-05-17 15:51:00.000000', '2023-05-17 15:51:00.000000', false, 'Den Sert'),
        (5, 'Tolik', 'Kay', '2000-11-01 10:27:38.000000', 'MP7845638', '375294564563', '2023-05-17 15:51:00.000000', '2023-05-17 15:51:00.000000', false, 'Tolik Kay'),
        (6, 'Toby', 'Tarbatt', '2009-01-18 11:01:55.000000', 'AN0336218', '375998735371', '2023-05-18 00:00:00.000000', '2023-05-18 00:00:00.000000', false, 'Toby Tarbatt'),
        (7, 'Lionello', 'Vinden', '1992-07-08 03:56:45.000000', 'VI2602074', '375825067790', '2023-05-18 00:00:00.000000', '2023-05-18 00:00:00.000000', false, 'Lionello Vinden'),
        (8, 'Leia', 'Seagrave', '1968-05-06 12:39:13.000000', 'ZG7350988', '375399884711', '2023-05-18 00:00:00.000000', '2023-05-18 00:00:00.000000', false, 'Leia Seagrave'),
        (9, 'Sella', 'Henden', '2017-12-27 06:27:00.000000', 'VP0170288', '375147650209', '2023-05-18 00:00:00.000000', '2023-05-18 00:00:00.000000', false, 'Sella Henden'),
        (10, 'Randi', 'Mager', '1993-01-14 05:44:24.000000', 'OJ7081495', '375774840620', '2023-05-18 00:00:00.000000', '2023-05-18 00:00:00.000000', false, 'Randi Mager'),
        (11, 'Agretha', 'Brushfield', '1987-11-19 06:51:47.000000', 'PZ6795859', '375523845838', '2023-05-18 00:00:00.000000', '2023-05-18 00:00:00.000000', false, 'Agretha Brushfield'),
        (12, 'Gilbert', 'Scrinage', '1962-11-22 15:19:46.000000', 'YJ8721292', '375908851212', '2023-05-18 00:00:00.000000', '2023-05-18 00:00:00.000000', false, 'Gilbert Scrinage'),
        (13, 'Rivalee', 'Dreossi', '2011-11-22 21:17:59.000000', 'VP6066500', '375905086522', '2023-05-18 00:00:00.000000', '2023-05-18 00:00:00.000000', false, 'Rivalee Dreossi'),
        (14, 'Sibella', 'Dominguez', '1966-10-18 06:20:23.000000', 'BQ3700009', '375402927165', '2023-05-18 00:00:00.000000', '2023-05-18 00:00:00.000000', false, 'Sibella Dominguez'),
        (15, 'Row', 'Capaldo', '1995-03-19 19:09:57.000000', 'IJ5305847', '375542559300', '2023-05-18 00:00:00.000000', '2023-05-18 00:00:00.000000', false, 'Row Capaldo'),
        (16, 'Salem', 'Cawsy', '1971-08-07 01:53:53.000000', 'QB5290338', '375763673746', '2023-05-18 00:00:00.000000', '2023-05-18 00:00:00.000000', false, 'Salem Cawsy'),
        (17, 'Morton', 'Kelway', '1990-02-07 15:37:37.000000', 'OB5909545', '375337198456', '2023-05-18 00:00:00.000000', '2023-05-18 00:00:00.000000', false, 'Morton Kelway'),
        (18, 'Dicky', 'Beedom', '1974-04-13 06:30:26.000000', 'ZF3138514', '375359462164', '2023-05-18 00:00:00.000000', '2023-05-18 00:00:00.000000', false, 'Dicky Beedom'),
        (19, 'Beatriz', 'Hoffmann', '2008-04-09 12:04:37.000000', 'RE9757261', '375594596137', '2023-05-18 00:00:00.000000', '2023-05-18 00:00:00.000000', false, 'Beatriz Hoffmann'),
        (20, 'Justen', 'Sainsbury-Brown', '1971-07-20 01:40:05.000000', 'SC1999105', '375282085097', '2023-05-18 00:00:00.000000', '2023-05-18 00:00:00.000000', false, 'Justen Sainsbury-Brown'),
        (21, 'Rowney', 'Fritchley', '1970-07-02 14:10:31.000000', 'KH2141574', '375419967874', '2023-05-18 00:00:00.000000', '2023-05-18 00:00:00.000000', false, 'Rowney Fritchley'),
        (22, 'Taylor', 'Broader', '1967-09-11 17:10:28.000000', 'SJ3377968', '375808455938', '2023-05-18 00:00:00.000000', '2023-05-18 00:00:00.000000', false, 'Taylor Broader'),
        (23, 'Hasty', 'Crowest', '1995-10-08 05:30:45.000000', 'GJ5170708', '375155830872', '2023-05-18 00:00:00.000000', '2023-05-18 00:00:00.000000', false, 'Hasty Crowest'),
        (24, 'Kele', 'Piletic', '2018-10-21 14:45:52.000000', 'ZL4365756', '375996348433', '2023-05-18 00:00:00.000000', '2023-05-18 00:00:00.000000', false, 'Kele Piletic'),
        (25, 'Wyn', 'Sowrey', '2014-06-20 08:10:54.000000', 'XU7130965', '375530674531', '2023-05-18 00:00:00.000000', '2023-05-18 00:00:00.000000', false, 'Wyn Sowrey'),
        (26, 'Cloris', 'Michele', '1980-04-16 22:44:03.000000', 'JY6793238', '375790018602', '2023-05-18 00:00:00.000000', '2023-05-18 00:00:00.000000', false, 'Cloris Michele'),
        (27, 'Gayla', 'Curson', '2014-08-21 19:19:10.000000', 'BG6133143', '375411551082', '2023-05-18 00:00:00.000000', '2023-05-18 00:00:00.000000', false, 'Gayla Curson'),
        (28, 'Alan', 'Breach', '2008-09-30 14:52:14.000000', 'XA6949211', '375587112365', '2023-05-18 00:00:00.000000', '2023-05-18 00:00:00.000000', false, 'Alan Breach'),
        (29, 'Stu', 'Ruselin', '2018-01-04 16:08:40.000000', 'KH2161874', '375851967482', '2023-05-18 00:00:00.000000', '2023-05-18 00:00:00.000000', false, 'Stu Ruselin'),
        (30, 'Orel', 'Syddall', '2020-07-20 13:24:20.000000', 'XN5672389', '375690719861', '2023-05-18 00:00:00.000000', '2023-05-18 00:00:00.000000', false, 'Orel Syddall'),
        (31, 'Brannon', 'Castagne', '1979-01-28 13:34:48.000000', 'VX2771463', '375174000907', '2023-05-18 00:00:00.000000', '2023-05-18 00:00:00.000000', false, 'Brannon Castagne'),
        (32, 'Lynde', 'Shugg', '1975-09-30 12:52:33.000000', 'FW9036717', '375515638682', '2023-05-18 00:00:00.000000', '2023-05-18 00:00:00.000000', false, 'Lynde Shugg'),
        (33, 'Stuart', 'Sibson', '1969-08-01 06:10:43.000000', 'FK4379980', '375497381969', '2023-05-18 00:00:00.000000', '2023-05-18 00:00:00.000000', false, 'Stuart Sibson'),
        (34, 'Clyde', 'Morrish', '2016-09-22 07:56:56.000000', 'QN0814005', '375935219408', '2023-05-18 00:00:00.000000', '2023-05-18 00:00:00.000000', false, 'Clyde Morrish'),
        (35, 'Vivyanne', 'Colquete', '1962-11-19 19:14:36.000000', 'QL1860594', '375868638068', '2023-05-18 00:00:00.000000', '2023-05-18 00:00:00.000000', false, 'Vivyanne Colquete'),
        (36, 'Tito', 'Woloschin', '1987-05-06 13:48:25.000000', 'VW8229568', '375246496315', '2023-05-18 00:00:00.000000', '2023-05-18 00:00:00.000000', false, 'Tito Woloschin'),
        (37, 'Bendicty', 'Blunderfield', '1981-08-31 01:00:21.000000', 'HC7746713', '375501913621', '2023-05-18 00:00:00.000000', '2023-05-18 00:00:00.000000', false, 'Bendicty Blunderfield'),
        (38, 'Jaquenette', 'Cripps', '1964-12-06 10:02:49.000000', 'BX9828866', '375769194169', '2023-05-18 00:00:00.000000', '2023-05-18 00:00:00.000000', false, 'Jaquenette Cripps'),
        (39, 'Tobin', 'Fann', '1965-02-24 16:46:42.000000', 'VI3762053', '375276622148', '2023-05-18 00:00:00.000000', '2023-05-18 00:00:00.000000', false, 'Tobin Fann'),
        (40, 'Mellisent', 'Punshon', '2005-06-01 11:46:59.000000', 'WQ2284787', '375514137217', '2023-05-18 00:00:00.000000', '2023-05-18 00:00:00.000000', false, 'Mellisent Punshon'),
        (41, 'Jada', 'Shorrock', '1970-10-08 20:19:41.000000', 'RY5034009', '375764395649', '2023-05-18 00:00:00.000000', '2023-05-18 00:00:00.000000', false, 'Jada Shorrock'),
        (42, 'Olwen', 'Juszkiewicz', '1967-01-11 13:04:40.000000', 'NJ5719848', '375746610855', '2023-05-18 00:00:00.000000', '2023-05-18 00:00:00.000000', false, 'Olwen Juszkiewicz'),
        (43, 'Carree', 'Haime', '2018-08-10 08:12:29.000000', 'FO9524996', '375679307670', '2023-05-18 00:00:00.000000', '2023-05-18 00:00:00.000000', false, 'Carree Haime'),
        (44, 'Brod', 'Boyen', '1963-06-27 19:36:46.000000', 'JI4167869', '375301238072', '2023-05-18 00:00:00.000000', '2023-05-18 00:00:00.000000', false, 'Brod Boyen'),
        (45, 'Deena', 'Runge', '1972-11-11 07:05:03.000000', 'YK9886924', '375676187355', '2023-05-18 00:00:00.000000', '2023-05-18 00:00:00.000000', false, 'Deena Runge'),
        (46, 'Darrell', 'Bruineman', '1970-07-23 22:22:05.000000', 'ZG0348805', '375347445458', '2023-05-18 00:00:00.000000', '2023-05-18 00:00:00.000000', false, 'Darrell Bruineman'),
        (47, 'Alane', 'Balcers', '1984-01-04 21:11:17.000000', 'RM3379622', '375119599445', '2023-05-18 00:00:00.000000', '2023-05-18 00:00:00.000000', false, 'Alane Balcers'),
        (48, 'Mirelle', 'Saylor', '2016-02-10 01:19:12.000000', 'XZ8609963', '375118931174', '2023-05-18 00:00:00.000000', '2023-05-18 00:00:00.000000', false, 'Mirelle Saylor'),
        (49, 'Koressa', 'Zylberdik', '2015-09-20 09:16:47.000000', 'YD6650378', '375970075923', '2023-05-18 00:00:00.000000', '2023-05-18 00:00:00.000000', false, 'Koressa Zylberdik'),
        (50, 'Britt', 'Rodell', '1970-01-25 21:55:37.000000', 'MN9401977', '375449902635', '2023-05-18 00:00:00.000000', '2023-05-18 00:00:00.000000', false, 'Britt Rodell'),
        (51, 'Florentia', 'Woolfoot', '2012-10-16 20:37:49.000000', 'SH3343774', '375727280911', '2023-05-18 00:00:00.000000', '2023-05-18 00:00:00.000000', false, 'Florentia Woolfoot'),
        (52, 'Harriot', 'Stitwell', '2016-03-19 08:03:02.000000', 'OA2737797', '375860856407', '2023-05-18 00:00:00.000000', '2023-05-18 00:00:00.000000', false, 'Harriot Stitwell'),
        (53, 'Hendrika', 'Meindl', '1979-11-29 00:23:47.000000', 'FN2649431', '375329707337', '2023-05-18 00:00:00.000000', '2023-05-18 00:00:00.000000', false, 'Hendrika Meindl'),
        (54, 'Peyter', 'Hoyle', '1996-03-13 16:21:10.000000', 'HN0634300', '375746304672', '2023-05-18 00:00:00.000000', '2023-05-18 00:00:00.000000', false, 'Peyter Hoyle'),
        (55, 'Sally', 'Mulvin', '1975-10-15 11:35:39.000000', 'SN6196117', '375917217638', '2023-05-18 00:00:00.000000', '2023-05-18 00:00:00.000000', false, 'Sally Mulvin'),
        (56, 'Boony', 'Barabich', '1993-12-09 16:26:34.000000', 'NV9791474', '375888883366', '2023-05-23 00:00:00.000000', '2023-04-15 13:51:02.000000', false, 'Boony Barabich'),
        (57, 'Chloris', 'Silburn', '1995-11-06 03:49:53.000000', 'KJ3099268', '375790786421', '2023-05-23 00:00:00.000000', '2023-02-09 10:04:31.000000', false, 'Chloris Silburn'),
        (58, 'Shir', 'Hilldrup', '1995-07-24 01:49:18.000000', 'UX6372336', '375246819746', '2023-05-23 00:00:00.000000', '2023-05-02 14:02:49.000000', false, 'Shir Hilldrup'),
        (59, 'Torrin', 'Quarrie', '1995-09-24 10:03:47.000000', 'XL4944481', '375170798574', '2023-05-23 00:00:00.000000', '2022-09-18 03:45:34.000000', false, 'Torrin Quarrie'),
        (60, 'Nesta', 'Thorneloe', '1992-05-16 06:53:07.000000', 'MG1312323', '375798650147', '2023-05-23 00:00:00.000000', '2023-01-06 02:08:23.000000', false, 'Nesta Thorneloe'),
        (61, 'Merna', 'Peddowe', '1991-07-15 04:29:08.000000', 'GC0126632', '375684518776', '2023-05-23 00:00:00.000000', '2023-01-10 14:39:41.000000', false, 'Merna Peddowe'),
        (62, 'Calhoun', 'Whatley', '1988-12-02 16:42:49.000000', 'IT1041784', '375740989470', '2023-05-23 00:00:00.000000', '2022-07-26 21:45:50.000000', false, 'Calhoun Whatley'),
        (63, 'Othilie', 'Lightwood', '1988-05-30 15:11:50.000000', 'DK0383054', '375251304202', '2023-05-23 00:00:00.000000', '2022-11-29 23:38:41.000000', false, 'Othilie Lightwood'),
        (64, 'Lorilyn', 'Francombe', '2000-11-20 10:58:39.000000', 'TI1646891', '375183893875', '2023-05-23 00:00:00.000000', '2023-03-21 04:44:59.000000', false, 'Lorilyn Francombe'),
        (65, 'Foster', 'Dautry', '2002-10-28 08:13:07.000000', 'AP8971571', '375731405077', '2023-05-23 00:00:00.000000', '2023-03-26 06:30:39.000000', false, 'Foster Dautry'),
        (66, 'Rozanna', 'Tatershall', '1989-01-15 03:10:26.000000', 'ZY1637640', '375422899178', '2023-05-23 00:00:00.000000', '2022-11-20 14:08:15.000000', false, 'Rozanna Tatershall'),
        (67, 'Dinny', 'Doohan', '2002-07-18 08:22:40.000000', 'LD8020114', '375545495945', '2023-05-23 00:00:00.000000', '2022-09-26 23:26:55.000000', false, 'Dinny Doohan'),
        (68, 'Zachery', 'Barlas', '1999-05-09 15:41:08.000000', 'FU1620565', '375351241112', '2023-05-23 00:00:00.000000', '2022-10-14 02:57:08.000000', false, 'Zachery Barlas'),
        (69, 'Ailey', 'Vines', '1996-10-10 01:10:20.000000', 'NM4179510', '375796988713', '2023-05-23 00:00:00.000000', '2022-06-17 01:58:36.000000', false, 'Ailey Vines'),
        (70, 'Sandor', 'McNirlan', '1995-06-13 06:02:37.000000', 'VA7058038', '375324170677', '2023-05-23 00:00:00.000000', '2022-12-21 03:34:34.000000', false, 'Sandor McNirlan'),
        (71, 'Domenico', 'Olech', '1992-04-17 01:58:16.000000', 'NG2809018', '375878753802', '2023-05-23 00:00:00.000000', '2022-09-27 08:53:17.000000', false, 'Domenico Olech'),
        (72, 'Rosaline', 'Ebbotts', '1988-06-17 06:53:02.000000', 'JN2718288', '375220656171', '2023-05-23 00:00:00.000000', '2022-08-14 08:03:56.000000', false, 'Rosaline Ebbotts'),
        (73, 'Spense', 'Chisholm', '1991-03-17 16:58:07.000000', 'AV9435821', '375597236934', '2023-05-23 00:00:00.000000', '2023-04-07 14:02:22.000000', false, 'Spense Chisholm'),
        (74, 'Dolly', 'Lemmers', '1996-02-20 17:21:15.000000', 'YN5778787', '375280041932', '2023-05-23 00:00:00.000000', '2023-04-08 03:39:38.000000', false, 'Dolly Lemmers'),
        (75, 'Colly', 'Reubel', '1999-09-29 06:11:28.000000', 'AW8816742', '375929387739', '2023-05-23 00:00:00.000000', '2022-07-14 19:27:56.000000', false, 'Colly Reubel'),
        (76, 'Pascal', 'Emmison', '1989-11-19 02:46:17.000000', 'SI5215754', '375737061980', '2023-05-23 00:00:00.000000', '2023-02-23 20:27:24.000000', false, 'Pascal Emmison'),
        (77, 'Sancho', 'Sharple', '1997-12-21 14:39:51.000000', 'ER5600893', '375845611959', '2023-05-23 00:00:00.000000', '2022-07-22 19:38:06.000000', false, 'Sancho Sharple'),
        (78, 'Sybilla', 'Jacqueminot', '1988-05-25 18:16:49.000000', 'NX1279914', '375205490157', '2023-05-23 00:00:00.000000', '2022-10-14 12:00:47.000000', false, 'Sybilla Jacqueminot'),
        (79, 'George', 'Badsey', '1997-05-21 06:56:03.000000', 'AN7028582', '375628828104', '2023-05-23 00:00:00.000000', '2022-10-14 09:21:05.000000', false, 'George Badsey'),
        (80, 'Joleen', 'Esp', '1999-05-27 22:42:58.000000', 'FH3049128', '375981858670', '2023-05-23 00:00:00.000000', '2023-02-07 10:19:36.000000', false, 'Joleen Esp'),
        (81, 'Corri', 'Heynel', '1995-10-23 22:49:18.000000', 'QY1270214', '375971901624', '2023-05-23 00:00:00.000000', '2022-10-23 19:46:13.000000', false, 'Corri Heynel'),
        (82, 'Viole', 'Brandle', '1989-07-25 08:15:39.000000', 'ED6630810', '375617424825', '2023-05-23 00:00:00.000000', '2023-03-05 03:20:30.000000', false, 'Viole Brandle'),
        (83, 'Martynne', 'Readwing', '1988-11-14 03:16:25.000000', 'HT9582379', '375628259613', '2023-05-23 00:00:00.000000', '2022-09-20 06:56:36.000000', false, 'Martynne Readwing'),
        (84, 'Reube', 'Cuphus', '1989-01-25 03:56:07.000000', 'EA2375255', '375878216249', '2023-05-23 00:00:00.000000', '2022-09-30 14:46:31.000000', false, 'Reube Cuphus'),
        (85, 'Joy', 'Falkous', '1990-05-06 00:21:40.000000', 'DD4030943', '375130681629', '2023-05-23 00:00:00.000000', '2022-07-14 03:45:00.000000', false, 'Joy Falkous'),
        (86, 'Farrel', 'Christon', '1990-08-17 02:08:37.000000', 'AN5961087', '375422922605', '2023-05-23 00:00:00.000000', '2023-05-01 02:24:50.000000', false, 'Farrel Christon'),
        (87, 'Carlie', 'Prandini', '1989-03-17 11:06:19.000000', 'ES5720624', '375181656523', '2023-05-23 00:00:00.000000', '2023-03-24 22:54:42.000000', false, 'Carlie Prandini'),
        (88, 'Bonnee', 'Terney', '1991-12-04 15:16:55.000000', 'HR1726439', '375683336739', '2023-05-23 00:00:00.000000', '2023-01-22 14:41:01.000000', false, 'Bonnee Terney'),
        (89, 'Giulietta', 'Ducker', '1989-01-24 02:43:47.000000', 'IA2668591', '375724622248', '2023-05-23 00:00:00.000000', '2022-07-10 15:37:39.000000', false, 'Giulietta Ducker'),
        (90, 'Nadya', 'Craw', '1998-09-08 14:35:39.000000', 'FI1094396', '375996775974', '2023-05-23 00:00:00.000000', '2022-07-21 20:07:19.000000', false, 'Nadya Craw'),
        (91, 'Emlyn', 'Osbidston', '2000-03-10 20:10:39.000000', 'BG9025769', '375467047092', '2023-05-23 00:00:00.000000', '2022-06-11 08:56:24.000000', false, 'Emlyn Osbidston'),
        (92, 'Guendolen', 'Blei', '1995-11-06 00:15:49.000000', 'TD5182738', '375768729522', '2023-05-23 00:00:00.000000', '2022-12-09 21:54:22.000000', false, 'Guendolen Blei'),
        (93, 'Jethro', 'Buffy', '1990-12-14 14:14:08.000000', 'XM6335456', '375254500573', '2023-05-23 00:00:00.000000', '2023-03-25 21:51:18.000000', false, 'Jethro Buffy'),
        (94, 'Skylar', 'Brussell', '1989-01-14 22:01:31.000000', 'PL0165277', '375850521274', '2023-05-23 00:00:00.000000', '2022-08-12 19:43:24.000000', false, 'Skylar Brussell'),
        (95, 'Thorin', 'Luffman', '2001-01-23 15:55:08.000000', 'OP4502003', '375416629027', '2023-05-23 00:00:00.000000', '2023-01-26 22:02:17.000000', false, 'Thorin Luffman'),
        (96, 'Rachel', 'Korting', '1996-08-22 19:15:22.000000', 'PA0356392', '375259628768', '2023-05-23 00:00:00.000000', '2022-12-09 05:04:07.000000', false, 'Rachel Korting'),
        (97, 'Ambrose', 'Kissell', '2001-01-23 21:17:47.000000', 'XT6437492', '375810740359', '2023-05-23 00:00:00.000000', '2022-07-28 11:41:41.000000', false, 'Ambrose Kissell'),
        (98, 'Constanta', 'Janman', '1991-12-22 22:31:02.000000', 'IM7538055', '375871945398', '2023-05-23 00:00:00.000000', '2022-07-02 06:00:29.000000', false, 'Constanta Janman'),
        (99, 'Josiah', 'Chastey', '1989-03-05 10:20:45.000000', 'TW1762018', '375937242798', '2023-05-23 00:00:00.000000', '2022-06-17 16:35:36.000000', false, 'Josiah Chastey'),
        (100, 'Francklyn', 'Padfield', '1989-04-19 23:01:35.000000', 'FW5733216', '375769041569', '2023-05-23 00:00:00.000000', '2022-08-19 04:11:09.000000', false, 'Francklyn Padfield'),
        (101, 'Mira', 'Wallworth', '1999-04-25 16:57:30.000000', 'FM8157632', '375781265794', '2023-05-23 00:00:00.000000', '2022-06-13 17:10:39.000000', false, 'Mira Wallworth'),
        (102, 'Cosme', 'Passe', '2002-01-08 20:59:19.000000', 'OM1456121', '375268463868', '2023-05-23 00:00:00.000000', '2022-07-21 05:06:20.000000', false, 'Cosme Passe'),
        (103, 'Aila', 'Cawthry', '1987-11-13 22:49:32.000000', 'SN3281174', '375358517489', '2023-05-23 00:00:00.000000', '2022-09-12 07:57:04.000000', false, 'Aila Cawthry'),
        (104, 'Nikola', 'Zmitruk', '1997-07-20 04:29:08.000000', 'JV1025567', '375800180010', '2023-05-23 00:00:00.000000', '2022-07-01 04:01:21.000000', false, 'Nikola Zmitruk'),
        (105, 'Beatrisa', 'Muslim', '1996-03-06 22:00:45.000000', 'VB3901083', '375284129113', '2023-05-23 00:00:00.000000', '2023-03-11 18:26:31.000000', false, 'Beatrisa Muslim'),
        (106, 'Jacintha', 'Peckham', '1992-05-04 07:10:33.000000', 'XM3336327', '375513384282', '2023-05-23 00:00:00.000000', '2022-07-12 01:41:50.000000', false, 'Jacintha Peckham'),
        (107, 'Nanine', 'Glamart', '2001-10-30 06:02:36.000000', 'YT5847267', '375416144387', '2023-05-23 00:00:00.000000', '2022-09-19 18:21:42.000000', false, 'Nanine Glamart'),
        (108, 'Mikel', 'Pflieger', '1995-03-09 12:16:00.000000', 'PE4844723', '375524775491', '2023-05-23 00:00:00.000000', '2022-07-11 05:42:20.000000', false, 'Mikel Pflieger'),
        (109, 'Gill', 'Habbijam', '2002-01-19 05:59:39.000000', 'TH7507253', '375320895582', '2023-05-23 00:00:00.000000', '2022-07-18 11:54:39.000000', false, 'Gill Habbijam'),
        (110, 'Cirillo', 'Eakin', '1991-06-12 11:42:34.000000', 'KG6614456', '375323322734', '2023-05-23 00:00:00.000000', '2022-05-25 02:21:43.000000', false, 'Cirillo Eakin'),
        (111, 'Bernita', 'Gamage', '1999-12-02 17:24:56.000000', 'FQ4131695', '375326088718', '2023-05-23 00:00:00.000000', '2022-10-24 10:09:18.000000', false, 'Bernita Gamage'),
        (112, 'Murdoch', 'Allatt', '1999-05-09 05:45:15.000000', 'RW4046415', '375190600351', '2023-05-23 00:00:00.000000', '2022-06-14 19:41:20.000000', false, 'Murdoch Allatt'),
        (113, 'Donelle', 'McNaughton', '1991-09-28 19:20:29.000000', 'VT9463518', '375978616462', '2023-05-23 00:00:00.000000', '2023-03-17 16:42:43.000000', false, 'Donelle McNaughton'),
        (114, 'Lauralee', 'Donaghy', '1994-11-23 16:26:06.000000', 'XN8067639', '375945507864', '2023-05-23 00:00:00.000000', '2022-10-02 19:33:07.000000', false, 'Lauralee Donaghy'),
        (115, 'Kenn', 'Hamflett', '1991-10-17 08:02:02.000000', 'HF3553561', '375595177504', '2023-05-23 00:00:00.000000', '2022-06-16 06:23:27.000000', false, 'Kenn Hamflett'),
        (116, 'Lorrie', 'Kesey', '1991-08-28 15:26:02.000000', 'SM7650182', '375266882664', '2023-05-23 00:00:00.000000', '2023-03-06 07:48:08.000000', false, 'Lorrie Kesey'),
        (117, 'Nanette', 'Shapland', '2002-10-07 15:26:46.000000', 'HT0132687', '375438389281', '2023-05-23 00:00:00.000000', '2022-12-10 20:15:43.000000', false, 'Nanette Shapland'),
        (118, 'Wallie', 'Cloke', '1988-10-04 08:07:31.000000', 'KU9522968', '375967162107', '2023-05-23 00:00:00.000000', '2023-04-20 16:57:14.000000', false, 'Wallie Cloke'),
        (119, 'Dorette', 'Yarker', '1990-12-12 22:26:15.000000', 'BB2616203', '375942655404', '2023-05-23 00:00:00.000000', '2022-12-06 15:56:39.000000', false, 'Dorette Yarker'),
        (120, 'Antonie', 'Yarr', '1991-04-01 19:41:56.000000', 'YH0667436', '375770771674', '2023-05-23 00:00:00.000000', '2022-06-20 10:24:47.000000', false, 'Antonie Yarr'),
        (121, 'Judas', 'Merchant', '1995-02-17 01:25:58.000000', 'QE1520805', '375325545385', '2023-05-23 00:00:00.000000', '2023-01-10 03:06:31.000000', false, 'Judas Merchant'),
        (122, 'Dulci', 'Round', '1994-08-31 03:08:32.000000', 'XH6086522', '375437595299', '2023-05-23 00:00:00.000000', '2023-01-16 14:00:03.000000', false, 'Dulci Round'),
        (123, 'Binky', 'Camerati', '1998-11-30 12:11:59.000000', 'YC3600676', '375477421346', '2023-05-23 00:00:00.000000', '2022-10-15 06:13:47.000000', false, 'Binky Camerati'),
        (124, 'Orly', 'Portail', '1994-01-16 03:23:24.000000', 'OQ8550720', '375785388324', '2023-05-23 00:00:00.000000', '2022-07-06 01:28:27.000000', false, 'Orly Portail'),
        (125, 'Gussi', 'Agronski', '1999-08-31 03:02:11.000000', 'OE9015205', '375892857250', '2023-05-23 00:00:00.000000', '2022-09-08 23:10:24.000000', false, 'Gussi Agronski'),
        (126, 'Barbabas', 'Murkitt', '1995-01-01 14:02:28.000000', 'MJ6232706', '375401955279', '2023-05-23 00:00:00.000000', '2023-02-06 00:02:20.000000', false, 'Barbabas Murkitt'),
        (127, 'Bernadine', 'Lapish', '2003-02-21 18:51:26.000000', 'PD0748025', '375383251122', '2023-05-23 00:00:00.000000', '2022-06-14 05:24:01.000000', false, 'Bernadine Lapish'),
        (128, 'Ignaz', 'Simmon', '1993-05-01 08:15:47.000000', 'IX5699381', '375423867604', '2023-05-23 00:00:00.000000', '2023-04-10 15:53:17.000000', false, 'Ignaz Simmon'),
        (129, 'Andy', 'Jagiello', '1990-08-14 10:38:45.000000', 'QS5978222', '375745717107', '2023-05-23 00:00:00.000000', '2022-11-27 19:20:04.000000', false, 'Andy Jagiello'),
        (130, 'Eba', 'Fall', '1995-03-19 02:24:09.000000', 'AR3339448', '375733695597', '2023-05-23 00:00:00.000000', '2022-09-01 07:29:32.000000', false, 'Eba Fall'),
        (131, 'Wolfy', 'Fosberry', '1999-05-31 03:13:36.000000', 'RK2383173', '375155411639', '2023-05-23 00:00:00.000000', '2022-07-07 08:00:04.000000', false, 'Wolfy Fosberry'),
        (132, 'Bat', 'Sackler', '1994-07-06 01:37:42.000000', 'UJ9739141', '375375993236', '2023-05-23 00:00:00.000000', '2022-12-25 08:09:48.000000', false, 'Bat Sackler'),
        (133, 'Tiffanie', 'Oliveras', '1988-03-03 01:21:00.000000', 'NA7695790', '375290387490', '2023-05-23 00:00:00.000000', '2023-02-22 04:17:08.000000', false, 'Tiffanie Oliveras'),
        (134, 'Abbey', 'McSporrin', '1998-03-12 11:36:14.000000', 'RG0610287', '375501826079', '2023-05-23 00:00:00.000000', '2022-11-18 02:18:39.000000', false, 'Abbey McSporrin'),
        (135, 'Elissa', 'Braiden', '1993-05-14 20:52:19.000000', 'PE4114978', '375521045698', '2023-05-23 00:00:00.000000', '2023-02-10 17:21:09.000000', false, 'Elissa Braiden'),
        (136, 'Therese', 'Ronchi', '1996-01-10 12:11:57.000000', 'LN1507392', '375915170268', '2023-05-23 00:00:00.000000', '2023-01-28 21:34:30.000000', false, 'Therese Ronchi'),
        (137, 'Gardener', 'McCarlie', '2002-03-06 15:15:25.000000', 'TF0510050', '375351549082', '2023-05-23 00:00:00.000000', '2023-04-03 19:43:23.000000', false, 'Gardener McCarlie'),
        (138, 'Hervey', 'Barclay', '1993-12-03 01:38:03.000000', 'VW4229117', '375454187779', '2023-05-23 00:00:00.000000', '2023-01-04 02:40:05.000000', false, 'Hervey Barclay'),
        (139, 'Angelo', 'Sancroft', '2000-02-07 07:15:04.000000', 'TA3175650', '375530702271', '2023-05-23 00:00:00.000000', '2023-03-26 01:18:20.000000', false, 'Angelo Sancroft'),
        (140, 'Anett', 'Bridden', '2002-04-25 16:51:50.000000', 'AL3117822', '375388667312', '2023-05-23 00:00:00.000000', '2023-05-22 11:21:41.000000', false, 'Anett Bridden'),
        (141, 'Bendick', 'Callender', '1991-12-28 18:27:27.000000', 'UI2128585', '375952842639', '2023-05-23 00:00:00.000000', '2022-12-30 03:00:55.000000', false, 'Bendick Callender'),
        (142, 'Desi', 'Horney', '1988-09-01 14:07:18.000000', 'RF5725324', '375274005038', '2023-05-23 00:00:00.000000', '2022-08-17 19:10:53.000000', false, 'Desi Horney'),
        (143, 'Chastity', 'Fri', '1988-03-09 16:14:35.000000', 'LE1859598', '375399607527', '2023-05-23 00:00:00.000000', '2022-06-05 01:32:23.000000', false, 'Chastity Fri'),
        (144, 'Gordon', 'Owen', '1987-12-08 14:01:43.000000', 'EJ6771215', '375862999836', '2023-05-23 00:00:00.000000', '2023-05-16 16:04:50.000000', false, 'Gordon Owen'),
        (145, 'Kirsti', 'Langtry', '2000-02-09 04:10:18.000000', 'VS9109169', '375809683603', '2023-05-23 00:00:00.000000', '2022-06-19 19:35:05.000000', false, 'Kirsti Langtry'),
        (146, 'Haydon', 'McCrory', '1994-12-13 17:34:16.000000', 'GD4415893', '375251954798', '2023-05-23 00:00:00.000000', '2022-11-03 03:45:59.000000', false, 'Haydon McCrory'),
        (147, 'Hersh', 'Lalley', '1988-12-14 16:23:44.000000', 'GH8532216', '375356864867', '2023-05-23 00:00:00.000000', '2022-11-02 04:54:03.000000', false, 'Hersh Lalley'),
        (148, 'Ganny', 'Bayston', '2002-06-04 21:20:40.000000', 'BH9537050', '375223437180', '2023-05-23 00:00:00.000000', '2022-11-13 04:08:08.000000', false, 'Ganny Bayston'),
        (149, 'Pam', 'Jakobsson', '1998-12-28 21:46:52.000000', 'QJ3397473', '375205653152', '2023-05-23 00:00:00.000000', '2022-08-11 07:15:42.000000', false, 'Pam Jakobsson'),
        (150, 'Bordy', 'Dudding', '1990-08-22 14:28:16.000000', 'VU8697788', '375476578948', '2023-05-23 00:00:00.000000', '2023-02-01 06:26:12.000000', false, 'Bordy Dudding'),
        (151, 'Aldin', 'Bibey', '1991-05-07 02:43:21.000000', 'ZN1694159', '375824773402', '2023-05-23 00:00:00.000000', '2022-09-13 04:22:03.000000', false, 'Aldin Bibey'),
        (152, 'Valentijn', 'Sissot', '1989-11-23 17:37:06.000000', 'TJ3220108', '375809713447', '2023-05-23 00:00:00.000000', '2022-11-02 22:17:48.000000', false, 'Valentijn Sissot'),
        (153, 'Adan', 'Alsobrook', '1993-03-21 19:53:52.000000', 'JE0294137', '375661633868', '2023-05-23 00:00:00.000000', '2022-11-21 08:36:22.000000', false, 'Adan Alsobrook'),
        (154, 'Quintin', 'Dudin', '2001-03-10 13:03:28.000000', 'LC6034262', '375925569072', '2023-05-23 00:00:00.000000', '2023-02-17 17:08:09.000000', false, 'Quintin Dudin'),
        (155, 'Randal', 'Tysack', '1988-02-25 21:04:32.000000', 'KO9077373', '375374848817', '2023-05-23 00:00:00.000000', '2022-07-11 20:24:27.000000', false, 'Randal Tysack'),
        (156, 'Stanislas', 'Blackborow', '2001-04-17 10:39:34.000000', 'BA3421181', '375514806621', '2023-05-23 00:00:00.000000', '2022-11-17 04:50:51.000000', false, 'Stanislas Blackborow'),
        (157, 'Fredia', 'Bayly', '2002-06-07 19:22:48.000000', 'EK5130633', '375705144207', '2023-05-23 00:00:00.000000', '2022-11-23 13:22:16.000000', false, 'Fredia Bayly'),
        (158, 'Liane', 'Rizzardo', '1993-06-19 21:37:31.000000', 'GC9216181', '375568653869', '2023-05-23 00:00:00.000000', '2023-04-20 12:12:04.000000', false, 'Liane Rizzardo'),
        (159, 'Charissa', 'Myrick', '2002-07-19 04:41:31.000000', 'LA4368180', '375481642591', '2023-05-23 00:00:00.000000', '2023-02-03 19:41:08.000000', false, 'Charissa Myrick'),
        (160, 'Kirby', 'Giacomoni', '1997-06-18 19:23:34.000000', 'XL4746281', '375538177570', '2023-05-23 00:00:00.000000', '2022-06-03 18:32:20.000000', false, 'Kirby Giacomoni'),
        (161, 'Alyda', 'Chappelle', '1992-02-27 13:57:10.000000', 'VG6477493', '375988160791', '2023-05-23 00:00:00.000000', '2023-03-07 00:12:15.000000', false, 'Alyda Chappelle'),
        (162, 'Jany', 'Anthona', '2002-02-18 07:06:16.000000', 'DT1822170', '375946041398', '2023-05-23 00:00:00.000000', '2022-08-07 15:33:16.000000', false, 'Jany Anthona'),
        (163, 'Antonetta', 'Bortolussi', '1992-06-26 04:38:17.000000', 'JF7390766', '375183535352', '2023-05-23 00:00:00.000000', '2022-12-10 02:51:08.000000', false, 'Antonetta Bortolussi'),
        (164, 'Kimberly', 'Milliere', '1999-05-22 04:14:52.000000', 'FH0782425', '375945342092', '2023-05-23 00:00:00.000000', '2022-05-31 14:21:24.000000', false, 'Kimberly Milliere'),
        (165, 'Reade', 'Davson', '2001-06-28 07:23:11.000000', 'CB3613656', '375595312579', '2023-05-23 00:00:00.000000', '2023-05-06 02:42:56.000000', false, 'Reade Davson'),
        (166, 'Keir', 'McFee', '1989-07-18 00:08:14.000000', 'UK8752113', '375367829773', '2023-05-23 00:00:00.000000', '2022-09-14 16:08:45.000000', false, 'Keir McFee'),
        (167, 'Riva', 'Billing', '1994-03-17 14:53:27.000000', 'RQ4668555', '375499524212', '2023-05-23 00:00:00.000000', '2023-04-13 06:33:52.000000', false, 'Riva Billing'),
        (168, 'Lorne', 'Sarch', '1987-12-31 03:19:56.000000', 'FL4086985', '375997622036', '2023-05-23 00:00:00.000000', '2023-02-27 21:51:28.000000', false, 'Lorne Sarch'),
        (169, 'Gallard', 'Longley', '2000-03-19 06:26:43.000000', 'BW5942034', '375606386252', '2023-05-23 00:00:00.000000', '2022-12-06 21:44:29.000000', false, 'Gallard Longley'),
        (170, 'Murial', 'Swinden', '1992-10-14 20:31:26.000000', 'KS2626330', '375378024771', '2023-05-23 00:00:00.000000', '2022-10-13 04:11:49.000000', false, 'Murial Swinden'),
        (171, 'Adrianne', 'Demer', '1999-07-05 13:40:07.000000', 'EC1853637', '375902386251', '2023-05-23 00:00:00.000000', '2023-01-26 19:41:29.000000', false, 'Adrianne Demer'),
        (172, 'Valerye', 'Faulkener', '2002-03-09 02:00:53.000000', 'RW5151685', '375119932225', '2023-05-23 00:00:00.000000', '2023-02-09 10:01:36.000000', false, 'Valerye Faulkener'),
        (173, 'Shermy', 'Medler', '1990-08-18 02:23:31.000000', 'TB0171669', '375524006538', '2023-05-23 00:00:00.000000', '2022-10-19 16:56:55.000000', false, 'Shermy Medler'),
        (174, 'Lea', 'Semple', '1994-01-31 08:40:56.000000', 'OX3803641', '375952059283', '2023-05-23 00:00:00.000000', '2022-12-17 23:23:03.000000', false, 'Lea Semple'),
        (175, 'Lilias', 'Colbrun', '1988-12-28 06:04:54.000000', 'UU3998084', '375226421704', '2023-05-23 00:00:00.000000', '2023-05-14 07:35:15.000000', false, 'Lilias Colbrun'),
        (176, 'Delmor', 'Georgiades', '2002-06-14 14:17:48.000000', 'SE3705983', '375464315417', '2023-05-23 00:00:00.000000', '2023-03-13 08:23:21.000000', false, 'Delmor Georgiades'),
        (177, 'Free', 'Drache', '2003-03-28 07:21:48.000000', 'SO7604161', '375423544887', '2023-05-23 00:00:00.000000', '2022-09-04 13:00:16.000000', false, 'Free Drache'),
        (178, 'Haley', 'Lindenbaum', '1997-01-30 17:11:19.000000', 'TB7395612', '375925622008', '2023-05-23 00:00:00.000000', '2022-09-30 12:32:11.000000', false, 'Haley Lindenbaum'),
        (179, 'Kirk', 'Picken', '1992-12-07 12:27:45.000000', 'HC9763673', '375408137855', '2023-05-23 00:00:00.000000', '2022-11-21 13:26:14.000000', false, 'Kirk Picken'),
        (180, 'Abran', 'Willmot', '1990-05-01 09:42:24.000000', 'SU6836990', '375260271524', '2023-05-23 00:00:00.000000', '2023-01-05 04:03:17.000000', false, 'Abran Willmot'),
        (181, 'Cristionna', 'Gyles', '2001-04-05 16:14:50.000000', 'OV7305774', '375216016810', '2023-05-23 00:00:00.000000', '2022-09-14 10:53:45.000000', false, 'Cristionna Gyles'),
        (182, 'Katrinka', 'Faulconbridge', '1995-02-01 06:43:48.000000', 'WW2012497', '375310426904', '2023-05-23 00:00:00.000000', '2022-09-10 19:57:17.000000', false, 'Katrinka Faulconbridge'),
        (183, 'Renell', 'Bloxam', '1990-12-28 12:36:46.000000', 'GU9724165', '375384451495', '2023-05-23 00:00:00.000000', '2022-09-13 02:42:19.000000', false, 'Renell Bloxam'),
        (184, 'Tait', 'Sicely', '1993-05-17 22:25:08.000000', 'HS9709217', '375246159249', '2023-05-23 00:00:00.000000', '2022-09-13 04:16:49.000000', false, 'Tait Sicely'),
        (185, 'Sallie', 'Cellier', '1989-09-06 08:58:27.000000', 'FM8028580', '375850665619', '2023-05-23 00:00:00.000000', '2022-08-04 05:05:04.000000', false, 'Sallie Cellier'),
        (186, 'Tito', 'Davidsohn', '2002-11-01 16:23:54.000000', 'XX4778201', '375653391642', '2023-05-23 00:00:00.000000', '2023-01-30 22:48:19.000000', false, 'Tito Davidsohn'),
        (187, 'Shay', 'Crotty', '1992-12-09 22:20:17.000000', 'WD0966628', '375208981688', '2023-05-23 00:00:00.000000', '2023-01-01 05:23:41.000000', false, 'Shay Crotty'),
        (188, 'Les', 'Scottini', '2000-03-04 12:01:42.000000', 'PN4246172', '375540675517', '2023-05-23 00:00:00.000000', '2022-09-05 04:27:23.000000', false, 'Les Scottini'),
        (189, 'Suzie', 'Gimenez', '1996-03-01 22:54:31.000000', 'AJ0968000', '375450228669', '2023-05-23 00:00:00.000000', '2023-04-16 16:50:35.000000', false, 'Suzie Gimenez'),
        (190, 'Lyman', 'Jeal', '1991-11-21 07:01:53.000000', 'IL6779015', '375664763837', '2023-05-23 00:00:00.000000', '2023-01-07 18:26:21.000000', false, 'Lyman Jeal'),
        (191, 'Jenn', 'Juleff', '1988-05-20 07:51:58.000000', 'XX3701139', '375409037728', '2023-05-23 00:00:00.000000', '2022-09-10 11:10:55.000000', false, 'Jenn Juleff'),
        (192, 'Xenia', 'MacMechan', '1999-07-28 12:00:49.000000', 'TQ0913240', '375888167694', '2023-05-23 00:00:00.000000', '2022-08-02 22:00:35.000000', false, 'Xenia MacMechan'),
        (193, 'Genia', 'Aloshikin', '2002-06-16 04:06:50.000000', 'FA1316289', '375317628655', '2023-05-23 00:00:00.000000', '2022-09-14 05:46:56.000000', false, 'Genia Aloshikin'),
        (194, 'Julina', 'Cassell', '2003-04-19 16:45:44.000000', 'UY3205163', '375324839362', '2023-05-23 00:00:00.000000', '2022-10-25 18:54:11.000000', false, 'Julina Cassell'),
        (195, 'Cornall', 'Maxstead', '2002-01-23 00:32:58.000000', 'IS1840992', '375706260536', '2023-05-23 00:00:00.000000', '2023-01-31 18:01:40.000000', false, 'Cornall Maxstead'),
        (196, 'Ethelda', 'Wurz', '1993-01-02 17:49:19.000000', 'IY9750597', '375614699102', '2023-05-23 00:00:00.000000', '2022-12-27 10:30:04.000000', false, 'Ethelda Wurz'),
        (197, 'Orton', 'Summerill', '2001-09-21 08:43:20.000000', 'VJ8439904', '375309479233', '2023-05-23 00:00:00.000000', '2022-11-29 09:32:50.000000', false, 'Orton Summerill'),
        (198, 'Roderich', 'Tonkinson', '1992-12-12 10:09:17.000000', 'ZV3576980', '375102111799', '2023-05-23 00:00:00.000000', '2022-06-20 06:07:26.000000', false, 'Roderich Tonkinson'),
        (199, 'Bronson', 'Bluett', '1996-02-28 08:53:35.000000', 'BU1324243', '375189473368', '2023-05-23 00:00:00.000000', '2022-08-04 05:23:31.000000', false, 'Bronson Bluett'),
        (200, 'Adair', 'Buff', '1995-11-06 07:51:42.000000', 'WY5994893', '375251055998', '2023-05-23 00:00:00.000000', '2022-10-12 09:47:54.000000', false, 'Adair Buff'),
        (201, 'Karin', 'Simmonite', '1999-01-31 10:25:04.000000', 'BW8630246', '375579619983', '2023-05-23 00:00:00.000000', '2022-10-21 21:57:46.000000', false, 'Karin Simmonite'),
        (202, 'Bessie', 'Bram', '1989-07-08 06:52:47.000000', 'CJ0176239', '375252801546', '2023-05-23 00:00:00.000000', '2023-04-20 13:34:34.000000', false, 'Bessie Bram'),
        (203, 'Ravi', 'Maides', '1997-01-23 17:44:37.000000', 'YD0727766', '375495810925', '2023-05-23 00:00:00.000000', '2022-10-10 06:19:10.000000', false, 'Ravi Maides'),
        (204, 'Rossie', 'Rivel', '1990-12-30 10:12:59.000000', 'IP8381179', '375214497910', '2023-05-23 00:00:00.000000', '2023-02-10 03:53:27.000000', false, 'Rossie Rivel'),
        (205, 'Sapphira', 'Kliemke', '1996-09-07 17:18:10.000000', 'TL8525670', '375498732267', '2023-05-23 00:00:00.000000', '2022-06-01 05:19:55.000000', false, 'Sapphira Kliemke');

insert into public.real_estates (real_estate_id, square, rooms, floors, garden_square, garage, address, location_id, owner_person_id, created, changed, is_deleted, object_type_id, owner_company_id, owner_client_type)
values  (1, 98, 3, 6, null, false, 'Golodeda 5, 32', 1, 1, '2023-05-12 21:19:16.704666', '2023-05-13 14:01:31.124967', false, 1, null, 'PERSON'),
        (2, 56, 2, 4, null, false, 'Nikitina 5, 77', 2, 2, '2023-05-17 15:53:06.000000', '2023-05-17 15:53:06.000000', false, 1, null, 'PERSON'),
        (6, 48, 2, 5, null, false, '6 Logan Place', 5, 38, '2023-05-18 00:00:00.000000', '2023-05-18 00:00:00.000000', false, 1, null, 'PERSON'),
        (7, 93, 3, 10, null, false, '6 Killdeer Circle', 37, 40, '2023-05-18 00:00:00.000000', '2023-05-18 00:00:00.000000', false, 1, null, 'PERSON'),
        (8, 76, 2, 3, null, false, '759 Kenwood Junction', 38, 40, '2023-05-18 00:00:00.000000', '2023-05-18 00:00:00.000000', false, 1, null, 'PERSON'),
        (9, 82, 1, 8, null, false, '9696 Melby Junction', 13, 45, '2023-05-18 00:00:00.000000', '2023-05-18 00:00:00.000000', false, 1, null, 'PERSON'),
        (10, 100, 3, 4, null, false, '83 Park Meadow Road', 40, 15, '2023-05-18 00:00:00.000000', '2023-05-18 00:00:00.000000', false, 1, null, 'PERSON'),
        (11, 90, 4, 11, null, false, '907 Toban Lane', 14, 43, '2023-05-18 00:00:00.000000', '2023-05-18 00:00:00.000000', false, 1, null, 'PERSON'),
        (12, 40, 3, 8, null, false, '1 Prairieview Avenue', 13, 53, '2023-05-18 00:00:00.000000', '2023-05-18 00:00:00.000000', false, 1, null, 'PERSON'),
        (13, 45, 2, 9, null, false, '605 Pankratz Avenue', 11, 2, '2023-05-18 00:00:00.000000', '2023-05-18 00:00:00.000000', false, 1, null, 'PERSON'),
        (14, 43, 1, 3, null, false, '5595 Mesta Drive', 41, 43, '2023-05-18 00:00:00.000000', '2023-05-18 00:00:00.000000', false, 1, null, 'PERSON'),
        (15, 64, 1, 10, null, false, '8 Arrowood Avenue', 40, 16, '2023-05-18 00:00:00.000000', '2023-05-18 00:00:00.000000', false, 1, null, 'PERSON'),
        (16, 52, 1, 5, null, false, '19 Dexter Point', 11, 4, '2023-05-18 00:00:00.000000', '2023-05-18 00:00:00.000000', false, 1, null, 'PERSON'),
        (17, 56, 3, 1, null, false, '81923 Swallow Alley', 5, 17, '2023-05-18 00:00:00.000000', '2023-05-18 00:00:00.000000', false, 1, null, 'PERSON'),
        (18, 77, 3, 6, null, false, '64 Dawn Junction', 30, 52, '2023-05-18 00:00:00.000000', '2023-05-18 00:00:00.000000', false, 1, null, 'PERSON'),
        (19, 42, 1, 3, null, false, '37 Caliangt Pass', 32, 38, '2023-05-18 00:00:00.000000', '2023-05-18 00:00:00.000000', false, 1, null, 'PERSON'),
        (20, 76, 1, 6, null, false, '46716 Maryland Trail', 20, 29, '2023-05-18 00:00:00.000000', '2023-05-18 00:00:00.000000', false, 1, null, 'PERSON'),
        (21, 57, 1, 4, null, false, '22032 Johnson Trail', 3, 31, '2023-05-18 00:00:00.000000', '2023-05-18 00:00:00.000000', false, 1, null, 'PERSON'),
        (22, 35, 1, 6, null, false, '645 Union Lane', 15, 23, '2023-05-18 00:00:00.000000', '2023-05-18 00:00:00.000000', false, 1, null, 'PERSON'),
        (23, 68, 1, 5, null, false, '065 Riverside Hill', 31, 50, '2023-05-18 00:00:00.000000', '2023-05-18 00:00:00.000000', false, 1, null, 'PERSON'),
        (24, 70, 2, 3, null, false, '77535 Memorial Pass', 30, 8, '2023-05-18 00:00:00.000000', '2023-05-18 00:00:00.000000', false, 1, null, 'PERSON'),
        (25, 42, 2, 2, null, false, '8555 Artisan Alley', 4, 47, '2023-05-18 00:00:00.000000', '2023-05-18 00:00:00.000000', false, 1, null, 'PERSON'),
        (5, 75, 2, 7, null, null, 'Nikitu 5, 58', 5, null, '2023-05-17 15:53:06.000000', '2023-05-17 15:53:06.000000', false, 1, 3, 'COMPANY'),
        (27, 64, 1, 11, null, false, '69932 Banding Point', 28, null, '2023-05-18 00:00:00.000000', '2023-05-18 00:00:00.000000', false, 1, 18, 'COMPANY'),
        (28, 99, 4, 8, null, false, '477 Charing Cross Road', 44, null, '2023-05-18 00:00:00.000000', '2023-05-18 00:00:00.000000', false, 1, 2, 'COMPANY'),
        (29, 66, 2, 9, null, false, '86269 Stuart Junction', 31, null, '2023-05-18 00:00:00.000000', '2023-05-18 00:00:00.000000', false, 1, 18, 'COMPANY'),
        (30, 90, 1, 7, null, false, '10 Delladonna Trail', 43, null, '2023-05-18 00:00:00.000000', '2023-05-18 00:00:00.000000', false, 1, 45, 'COMPANY'),
        (31, 41, 1, 5, null, false, '94119 Sheridan Hill', 38, null, '2023-05-18 00:00:00.000000', '2023-05-18 00:00:00.000000', false, 1, 50, 'COMPANY'),
        (32, 62, 3, 1, null, false, '59 Huxley Point', 29, null, '2023-05-18 00:00:00.000000', '2023-05-18 00:00:00.000000', false, 1, 21, 'COMPANY'),
        (33, 85, 1, 9, null, false, '9 Thackeray Lane', 44, null, '2023-05-18 00:00:00.000000', '2023-05-18 00:00:00.000000', false, 1, 11, 'COMPANY'),
        (34, 61, 4, 10, null, false, '8 Brown Circle', 24, null, '2023-05-18 00:00:00.000000', '2023-05-18 00:00:00.000000', false, 1, 11, 'COMPANY'),
        (35, 49, 4, 1, null, false, '10 Karstens Avenue', 2, null, '2023-05-18 00:00:00.000000', '2023-05-18 00:00:00.000000', false, 1, 14, 'COMPANY'),
        (36, 42, 1, 6, null, false, '2 Fairfield Lane', 34, null, '2023-05-18 00:00:00.000000', '2023-05-18 00:00:00.000000', false, 1, 32, 'COMPANY'),
        (39, 96, 1, 2, null, false, '5 Del Mar Parkway', 11, null, '2023-05-18 00:00:00.000000', '2023-05-18 00:00:00.000000', false, 1, 8, 'COMPANY'),
        (40, 50, 1, 2, null, false, '858 Drewry Center', 29, null, '2023-05-18 00:00:00.000000', '2023-05-18 00:00:00.000000', false, 1, 28, 'COMPANY'),
        (41, 55, 2, 3, null, false, '9 Prairie Rose Avenue', 36, null, '2023-05-18 00:00:00.000000', '2023-05-18 00:00:00.000000', false, 1, 24, 'COMPANY'),
        (42, 50, 1, 6, null, false, '22 Division Alley', 20, null, '2023-05-18 00:00:00.000000', '2023-05-18 00:00:00.000000', false, 1, 48, 'COMPANY'),
        (43, 46, 3, 6, null, false, '4566 Dixon Pass', 13, null, '2023-05-18 00:00:00.000000', '2023-05-18 00:00:00.000000', false, 1, 25, 'COMPANY'),
        (44, 61, 2, 3, null, false, '36 Pawling Crossing', 7, null, '2023-05-18 00:00:00.000000', '2023-05-18 00:00:00.000000', false, 1, 36, 'COMPANY'),
        (45, 69, 3, 8, null, false, '45 Lillian Drive', 18, null, '2023-05-18 00:00:00.000000', '2023-05-18 00:00:00.000000', false, 1, 12, 'COMPANY'),
        (46, 55, 4, 12, null, false, '6353 Spenser Court', 31, null, '2023-05-18 00:00:00.000000', '2023-05-18 00:00:00.000000', false, 1, 51, 'COMPANY'),
        (47, 66, 2, 6, null, false, '442 Merry Avenue', 36, null, '2023-05-18 00:00:00.000000', '2023-05-18 00:00:00.000000', false, 1, 21, 'COMPANY'),
        (48, 58, 3, 8, null, false, '39797 Donald Place', 22, null, '2023-05-18 00:00:00.000000', '2023-05-18 00:00:00.000000', false, 1, 6, 'COMPANY'),
        (49, 167, 7, 1, 1462, false, '820 Larry Road', 43, null, '2023-05-18 00:00:00.000000', '2023-05-18 00:00:00.000000', false, 2, 1, 'COMPANY'),
        (50, 144, 3, 1, 1439, true, '31 Manley Way', 17, null, '2023-05-18 00:00:00.000000', '2023-05-18 00:00:00.000000', false, 2, 16, 'COMPANY'),
        (51, 232, 5, 3, 2382, true, '677 Cordelia Plaza', 39, null, '2023-05-18 00:00:00.000000', '2023-05-18 00:00:00.000000', false, 2, 20, 'COMPANY'),
        (52, 139, 3, 2, 2257, false, '723 Homewood Court', 14, null, '2023-05-18 00:00:00.000000', '2023-05-18 00:00:00.000000', false, 2, 33, 'COMPANY'),
        (53, 468, 7, 2, 1224, false, '7 American Circle', 14, null, '2023-05-18 00:00:00.000000', '2023-05-18 00:00:00.000000', false, 2, 47, 'COMPANY'),
        (54, 223, 4, 1, 2400, false, '90 Rusk Circle', 44, null, '2023-05-18 00:00:00.000000', '2023-05-18 00:00:00.000000', false, 2, 8, 'COMPANY'),
        (55, 496, 6, 2, 2624, false, '7149 Nelson Road', 29, null, '2023-05-18 00:00:00.000000', '2023-05-18 00:00:00.000000', false, 2, 36, 'COMPANY'),
        (56, 360, 4, 2, 1244, true, '1152 Judy Court', 11, null, '2023-05-18 00:00:00.000000', '2023-05-18 00:00:00.000000', false, 2, 24, 'COMPANY'),
        (57, 212, 3, 1, 2105, false, '7 Dottie Drive', 39, null, '2023-05-18 00:00:00.000000', '2023-05-18 00:00:00.000000', false, 2, 5, 'COMPANY'),
        (3, 125, 4, 2, 500, null, 'Golodeda 28', 3, null, '2023-05-17 15:53:06.000000', '2023-05-17 15:53:06.000000', false, 2, 1, 'COMPANY'),
        (4, 89, 3, 2, 1523, null, 'Goda 4', 4, null, '2023-05-17 15:53:06.000000', '2023-05-17 15:53:06.000000', false, 2, 2, 'COMPANY'),
        (58, 219, 3, 3, 2578, false, '59631 Sachs Drive', 23, null, '2023-05-18 00:00:00.000000', '2023-05-18 00:00:00.000000', false, 2, 31, 'COMPANY'),
        (59, 129, 7, 2, 2756, false, '6 Kropf Center', 42, 35, '2023-05-18 00:00:00.000000', '2023-05-18 00:00:00.000000', false, 2, null, 'PERSON'),
        (60, 106, 5, 1, 1232, false, '607 Coleman Court', 44, 12, '2023-05-18 00:00:00.000000', '2023-05-18 00:00:00.000000', false, 2, null, 'PERSON'),
        (61, 488, 5, 3, 1609, false, '2 Kingsford Junction', 37, 13, '2023-05-18 00:00:00.000000', '2023-05-18 00:00:00.000000', false, 2, null, 'PERSON'),
        (62, 161, 7, 1, 2313, true, '77 Grayhawk Place', 7, 28, '2023-05-18 00:00:00.000000', '2023-05-18 00:00:00.000000', false, 2, null, 'PERSON'),
        (63, 280, 7, 3, 1945, false, '34353 High Crossing Road', 32, 17, '2023-05-18 00:00:00.000000', '2023-05-18 00:00:00.000000', false, 2, null, 'PERSON'),
        (64, 457, 3, 3, 1941, false, '82 Anderson Trail', 41, 36, '2023-05-18 00:00:00.000000', '2023-05-18 00:00:00.000000', false, 2, null, 'PERSON'),
        (65, 195, 7, 2, 2273, false, '077 Northwestern Point', 37, 9, '2023-05-18 00:00:00.000000', '2023-05-18 00:00:00.000000', false, 2, null, 'PERSON'),
        (66, 425, 5, 3, 827, false, '4 Laurel Place', 28, 44, '2023-05-18 00:00:00.000000', '2023-05-18 00:00:00.000000', false, 2, null, 'PERSON'),
        (68, 284, 7, 2, 2440, false, '6627 North Way', 12, 23, '2023-05-18 00:00:00.000000', '2023-05-18 00:00:00.000000', false, 2, null, 'PERSON'),
        (69, 219, 3, 1, 2714, true, '7 La Follette Way', 40, 5, '2023-05-18 00:00:00.000000', '2023-05-18 00:00:00.000000', false, 2, null, 'PERSON'),
        (70, 36, 2, 7, null, false, '45 Sullivan Road', 7, 27, '2023-05-18 00:00:00.000000', '2023-05-18 00:00:00.000000', false, 1, null, 'PERSON'),
        (71, 41, 2, 2, null, false, '32 Laurel Circle', 31, 54, '2023-05-18 00:00:00.000000', '2023-05-18 00:00:00.000000', false, 1, null, 'PERSON'),
        (72, 84, 2, 6, null, false, '8 Londonderry Circle', 11, 14, '2023-05-18 00:00:00.000000', '2023-05-18 00:00:00.000000', false, 1, null, 'PERSON'),
        (73, 106, 5, 7, null, false, '5124 Arrowood Way', 44, 38, '2023-05-18 00:00:00.000000', '2023-05-18 00:00:00.000000', false, 1, null, 'PERSON'),
        (74, 100, 3, 15, null, false, '733 Saint Paul Parkway', 10, 55, '2023-05-18 00:00:00.000000', '2023-05-18 00:00:00.000000', false, 1, null, 'PERSON'),
        (75, 56, 4, 7, null, false, '39 Park Meadow Way', 40, 30, '2023-05-18 00:00:00.000000', '2023-05-18 00:00:00.000000', false, 1, null, 'PERSON'),
        (76, 120, 5, 6, null, false, '48 Anhalt Plaza', 29, 19, '2023-05-18 00:00:00.000000', '2023-05-18 00:00:00.000000', false, 1, null, 'PERSON'),
        (77, 78, 5, 6, null, false, '8 Pierstorff Drive', 15, 43, '2023-05-18 00:00:00.000000', '2023-05-18 00:00:00.000000', false, 1, null, 'PERSON'),
        (78, 102, 3, 2, null, false, '5006 Linden Court', 21, 18, '2023-05-18 00:00:00.000000', '2023-05-18 00:00:00.000000', false, 1, null, 'PERSON'),
        (79, 60, 5, 15, null, false, '4696 Sundown Way', 24, 12, '2023-05-18 00:00:00.000000', '2023-05-18 00:00:00.000000', false, 1, null, 'PERSON'),
        (80, 122, 5, 2, null, false, '47 Melvin Trail', 10, 36, '2023-05-18 00:00:00.000000', '2023-05-18 00:00:00.000000', false, 1, null, 'PERSON'),
        (81, 43, 3, 7, null, false, '1 Lyons Alley', 21, 37, '2023-05-18 00:00:00.000000', '2023-05-18 00:00:00.000000', false, 1, null, 'PERSON'),
        (82, 129, 4, 1, null, false, '846 Coolidge Hill', 15, 46, '2023-05-18 00:00:00.000000', '2023-05-18 00:00:00.000000', false, 1, null, 'PERSON'),
        (83, 104, 5, 11, null, false, '86029 Spohn Terrace', 6, 15, '2023-05-18 00:00:00.000000', '2023-05-18 00:00:00.000000', false, 1, null, 'PERSON'),
        (84, 135, 2, 5, null, false, '0 Morning Pass', 3, 21, '2023-05-18 00:00:00.000000', '2023-05-18 00:00:00.000000', false, 1, null, 'PERSON'),
        (85, 134, 3, 10, null, false, '2857 Continental Point', 6, 2, '2023-05-18 00:00:00.000000', '2023-05-18 00:00:00.000000', false, 1, null, 'PERSON'),
        (86, 43, 3, 5, null, false, '33929 Bonner Circle', 22, 2, '2023-05-18 00:00:00.000000', '2023-05-18 00:00:00.000000', false, 1, null, 'PERSON'),
        (87, 136, 1, 5, null, false, '12 Corben Way', 39, 9, '2023-05-18 00:00:00.000000', '2023-05-18 00:00:00.000000', false, 1, null, 'PERSON'),
        (88, 140, 2, 14, null, false, '078 Butterfield Drive', 36, 7, '2023-05-18 00:00:00.000000', '2023-05-18 00:00:00.000000', false, 1, null, 'PERSON'),
        (89, 140, 1, 5, null, false, '12 Dorton Hill', 19, 23, '2023-05-18 00:00:00.000000', '2023-05-18 00:00:00.000000', false, 1, null, 'PERSON'),
        (90, 41, 5, 6, null, false, '29884 Myrtle Hill', 14, 36, '2023-05-18 00:00:00.000000', '2023-05-18 00:00:00.000000', false, 1, null, 'PERSON'),
        (91, 55, 2, 5, null, false, '5460 Riverside Court', 32, 35, '2023-05-18 00:00:00.000000', '2023-05-18 00:00:00.000000', false, 1, null, 'PERSON'),
        (92, 67, 2, 4, null, false, '6 Corscot Parkway', 24, 52, '2023-05-18 00:00:00.000000', '2023-05-18 00:00:00.000000', false, 1, null, 'PERSON'),
        (93, 69, 1, 5, null, false, '03826 Walton Parkway', 43, 20, '2023-05-18 00:00:00.000000', '2023-05-18 00:00:00.000000', false, 1, null, 'PERSON'),
        (94, 107, 1, 15, null, false, '74 Maywood Park', 36, 16, '2023-05-18 00:00:00.000000', '2023-05-18 00:00:00.000000', false, 1, null, 'PERSON'),
        (95, 135, 2, 9, null, false, '6 Banding Junction', 36, 11, '2023-05-18 00:00:00.000000', '2023-05-18 00:00:00.000000', false, 1, null, 'PERSON'),
        (96, 70, 2, 12, null, false, '958 Lakewood Junction', 4, 49, '2023-05-18 00:00:00.000000', '2023-05-18 00:00:00.000000', false, 1, null, 'PERSON'),
        (97, 48, 4, 1, null, false, '763 Drewry Point', 43, 15, '2023-05-18 00:00:00.000000', '2023-05-18 00:00:00.000000', false, 1, null, 'PERSON'),
        (98, 90, 4, 13, null, false, '885 Texas Drive', 38, 10, '2023-05-18 00:00:00.000000', '2023-05-18 00:00:00.000000', false, 1, null, 'PERSON'),
        (99, 58, 3, 13, null, false, '267 Roth Crossing', 42, 9, '2023-05-18 00:00:00.000000', '2023-05-18 00:00:00.000000', false, 1, null, 'PERSON'),
        (100, 56, 1, 3, null, false, '00217 Kedzie Avenue', 12, 55, '2023-05-18 00:00:00.000000', '2023-05-18 00:00:00.000000', false, 1, null, 'PERSON'),
        (101, 30, 4, 11, null, false, '6 Duke Alley', 2, 45, '2023-05-18 00:00:00.000000', '2023-05-18 00:00:00.000000', false, 1, null, 'PERSON'),
        (102, 99, 1, 2, null, false, '1073 Banding Park', 38, 53, '2023-05-18 00:00:00.000000', '2023-05-18 00:00:00.000000', false, 1, null, 'PERSON'),
        (103, 136, 5, 1, null, false, '69 Graceland Plaza', 26, 32, '2023-05-18 00:00:00.000000', '2023-05-18 00:00:00.000000', false, 1, null, 'PERSON'),
        (104, 67, 5, 2, null, false, '72 Fordem Terrace', 12, 8, '2023-05-18 00:00:00.000000', '2023-05-18 00:00:00.000000', false, 1, null, 'PERSON'),
        (105, 107, 2, 4, null, false, '288 Sommers Place', 37, 1, '2023-05-18 00:00:00.000000', '2023-05-18 00:00:00.000000', false, 1, null, 'PERSON'),
        (106, 118, 4, 14, null, false, '29736 Elgar Junction', 38, 28, '2023-05-18 00:00:00.000000', '2023-05-18 00:00:00.000000', false, 1, null, 'PERSON'),
        (107, 61, 2, 3, null, false, '457 Westerfield Way', 22, 24, '2023-05-18 00:00:00.000000', '2023-05-18 00:00:00.000000', false, 1, null, 'PERSON'),
        (108, 85, 5, 6, null, false, '8 Arrowood Crossing', 19, 29, '2023-05-18 00:00:00.000000', '2023-05-18 00:00:00.000000', false, 1, null, 'PERSON'),
        (109, 103, 5, 2, null, false, '1319 Anniversary Pass', 30, 5, '2023-05-18 00:00:00.000000', '2023-05-18 00:00:00.000000', false, 1, null, 'PERSON'),
        (110, 30, 3, 11, null, false, '0291 Bayside Alley', 33, 36, '2023-05-18 00:00:00.000000', '2023-05-18 00:00:00.000000', false, 1, null, 'PERSON'),
        (111, 30, 3, 11, null, false, '0291 Bayside Alley', 33, 36, '2023-05-18 00:00:00.000000', '2023-05-18 00:00:00.000000', false, 1, null, 'PERSON'),
        (112, 113, 4, 8, null, false, '7 Nova Drive', 22, 45, '2023-05-18 00:00:00.000000', '2023-05-18 00:00:00.000000', false, 1, null, 'PERSON'),
        (113, 69, 2, 9, null, false, '78 Schlimgen Plaza', 40, 29, '2023-05-18 00:00:00.000000', '2023-05-18 00:00:00.000000', false, 1, null, 'PERSON'),
        (114, 94, 5, 6, null, false, '3 Stoughton Park', 27, 9, '2023-05-18 00:00:00.000000', '2023-05-18 00:00:00.000000', false, 1, null, 'PERSON'),
        (115, 139, 2, 8, null, false, '66219 Ridgeview Plaza', 24, 5, '2023-05-18 00:00:00.000000', '2023-05-18 00:00:00.000000', false, 1, null, 'PERSON'),
        (116, 59, 5, 11, null, false, '256 Katie Hill', 21, 55, '2023-05-18 00:00:00.000000', '2023-05-18 00:00:00.000000', false, 1, null, 'PERSON'),
        (117, 105, 4, 1, null, false, '6649 Autumn Leaf Drive', 21, 43, '2023-05-18 00:00:00.000000', '2023-05-18 00:00:00.000000', false, 1, null, 'PERSON'),
        (118, 56, 3, 10, null, false, '62627 Vera Place', 33, 31, '2023-05-18 00:00:00.000000', '2023-05-18 00:00:00.000000', false, 1, null, 'PERSON'),
        (119, 111, 1, 2, null, false, '228 Comanche Place', 39, 46, '2023-05-18 00:00:00.000000', '2023-05-18 00:00:00.000000', false, 1, null, 'PERSON'),
        (120, 101, 1, 7, null, false, '35264 Northview Terrace', 2, 25, '2023-05-18 00:00:00.000000', '2023-05-18 00:00:00.000000', false, 1, null, 'PERSON'),
        (121, 111, 2, 9, null, false, '6348 Commercial Hill', 3, 47, '2023-05-18 00:00:00.000000', '2023-05-18 00:00:00.000000', false, 1, null, 'PERSON'),
        (122, 119, 4, 2, null, false, '32 Rusk Center', 34, 47, '2023-05-18 00:00:00.000000', '2023-05-18 00:00:00.000000', false, 1, null, 'PERSON'),
        (123, 41, 1, 6, null, false, '041 Hanson Parkway', 13, 1, '2023-05-18 00:00:00.000000', '2023-05-18 00:00:00.000000', false, 1, null, 'PERSON'),
        (124, 137, 2, 7, null, false, '78835 Chive Hill', 40, 8, '2023-05-18 00:00:00.000000', '2023-05-18 00:00:00.000000', false, 1, null, 'PERSON'),
        (126, 80, 1, 15, null, false, '1360 Scoville Park', 10, 2, '2023-05-18 00:00:00.000000', '2023-05-18 00:00:00.000000', false, 1, null, 'PERSON'),
        (127, 122, 5, 6, null, false, '10208 Northview Crossing', 22, 17, '2023-05-18 00:00:00.000000', '2023-05-18 00:00:00.000000', false, 1, null, 'PERSON'),
        (128, 129, 1, 9, null, false, '49 8th Junction', 22, 38, '2023-05-18 00:00:00.000000', '2023-05-18 00:00:00.000000', false, 1, null, 'PERSON'),
        (129, 36, 3, 6, null, false, '06 Bashford Road', 21, 42, '2023-05-18 00:00:00.000000', '2023-05-18 00:00:00.000000', false, 1, null, 'PERSON'),
        (130, 135, 3, 6, null, false, '2766 Aberg Court', 3, 48, '2023-05-18 00:00:00.000000', '2023-05-18 00:00:00.000000', false, 1, null, 'PERSON'),
        (131, 57, 4, 2, null, false, '47 Bashford Street', 40, 22, '2023-05-18 00:00:00.000000', '2023-05-18 00:00:00.000000', false, 1, null, 'PERSON'),
        (132, 117, 2, 9, null, false, '57 American Junction', 38, 1, '2023-05-18 00:00:00.000000', '2023-05-18 00:00:00.000000', false, 1, null, 'PERSON'),
        (133, 119, 3, 11, null, false, '98931 Mandrake Parkway', 38, 41, '2023-05-18 00:00:00.000000', '2023-05-18 00:00:00.000000', false, 1, null, 'PERSON'),
        (134, 114, 2, 15, null, false, '82 Butterfield Avenue', 27, 32, '2023-05-18 00:00:00.000000', '2023-05-18 00:00:00.000000', false, 1, null, 'PERSON'),
        (135, 63, 2, 14, null, false, '24126 Lighthouse Bay Court', 6, 21, '2023-05-18 00:00:00.000000', '2023-05-18 00:00:00.000000', false, 1, null, 'PERSON'),
        (136, 50, 1, 7, null, false, '56004 Warner Point', 24, 41, '2023-05-18 00:00:00.000000', '2023-05-18 00:00:00.000000', false, 1, null, 'PERSON'),
        (137, 53, 5, 2, null, false, '1502 Mallard Crossing', 12, 47, '2023-05-18 00:00:00.000000', '2023-05-18 00:00:00.000000', false, 1, null, 'PERSON'),
        (138, 43, 2, 4, null, false, '20 Vera Crossing', 18, 14, '2023-05-18 00:00:00.000000', '2023-05-18 00:00:00.000000', false, 1, null, 'PERSON'),
        (139, 72, 5, 8, null, false, '0 Kropf Center', 1, 27, '2023-05-18 00:00:00.000000', '2023-05-18 00:00:00.000000', false, 1, null, 'PERSON'),
        (140, 105, 2, 6, null, false, '7758 School Parkway', 10, 10, '2023-05-18 00:00:00.000000', '2023-05-18 00:00:00.000000', false, 1, null, 'PERSON'),
        (141, 75, 5, 1, null, false, '09 Kinsman Alley', 26, 23, '2023-05-18 00:00:00.000000', '2023-05-18 00:00:00.000000', false, 1, null, 'PERSON'),
        (142, 127, 5, 3, null, false, '00581 Mariners Cove Circle', 39, 11, '2023-05-18 00:00:00.000000', '2023-05-18 00:00:00.000000', false, 1, null, 'PERSON'),
        (143, 43, 3, 9, null, false, '5 Pine View Street', 38, 16, '2023-05-18 00:00:00.000000', '2023-05-18 00:00:00.000000', false, 1, null, 'PERSON'),
        (144, 130, 5, 1, null, false, '6145 Sage Plaza', 43, 40, '2023-05-18 00:00:00.000000', '2023-05-18 00:00:00.000000', false, 1, null, 'PERSON'),
        (145, 51, 1, 15, null, false, '4139 Rigney Avenue', 1, 54, '2023-05-18 00:00:00.000000', '2023-05-18 00:00:00.000000', false, 1, null, 'PERSON'),
        (146, 39, 3, 4, null, false, '29 Veith Junction', 19, 7, '2023-05-18 00:00:00.000000', '2023-05-18 00:00:00.000000', false, 1, null, 'PERSON'),
        (147, 129, 2, 8, null, false, '51996 Memorial Junction', 24, 52, '2023-05-18 00:00:00.000000', '2023-05-18 00:00:00.000000', false, 1, null, 'PERSON'),
        (148, 107, 2, 15, null, false, '8550 Del Mar Trail', 15, 4, '2023-05-18 00:00:00.000000', '2023-05-18 00:00:00.000000', false, 1, null, 'PERSON'),
        (149, 88, 1, 13, null, false, '61 Milwaukee Crossing', 33, 15, '2023-05-18 00:00:00.000000', '2023-05-18 00:00:00.000000', false, 1, null, 'PERSON'),
        (150, 113, 2, 15, null, false, '80 Hintze Point', 19, 35, '2023-05-18 00:00:00.000000', '2023-05-18 00:00:00.000000', false, 1, null, 'PERSON'),
        (151, 48, 3, 9, null, false, '143 Lukken Hill', 21, 24, '2023-05-18 00:00:00.000000', '2023-05-18 00:00:00.000000', false, 1, null, 'PERSON'),
        (152, 114, 3, 7, null, false, '54 Merrick Drive', 41, 28, '2023-05-18 00:00:00.000000', '2023-05-18 00:00:00.000000', false, 1, null, 'PERSON'),
        (154, 88, 3, 4, null, false, '74 Carberry Parkway', 11, 18, '2023-05-18 00:00:00.000000', '2023-05-18 00:00:00.000000', false, 1, null, 'PERSON'),
        (155, 131, 4, 2, null, false, '6 Meadow Vale Center', 15, 20, '2023-05-18 00:00:00.000000', '2023-05-18 00:00:00.000000', false, 1, null, 'PERSON'),
        (156, 74, 4, 14, null, false, '96890 Pankratz Way', 20, 39, '2023-05-18 00:00:00.000000', '2023-05-18 00:00:00.000000', false, 1, null, 'PERSON'),
        (157, 120, 5, 14, null, false, '8 Northview Park', 34, 28, '2023-05-18 00:00:00.000000', '2023-05-18 00:00:00.000000', false, 1, null, 'PERSON'),
        (158, 66, 5, 14, null, false, '18 Arizona Center', 33, 7, '2023-05-18 00:00:00.000000', '2023-05-18 00:00:00.000000', false, 1, null, 'PERSON'),
        (159, 65, 3, 3, null, false, '2 Riverside Park', 31, 3, '2023-05-18 00:00:00.000000', '2023-05-18 00:00:00.000000', false, 1, null, 'PERSON'),
        (160, 117, 5, 3, null, false, '14486 Sycamore Alley', 38, 15, '2023-05-18 00:00:00.000000', '2023-05-18 00:00:00.000000', false, 1, null, 'PERSON'),
        (161, 102, 4, 15, null, false, '9353 Everett Way', 17, 39, '2023-05-18 00:00:00.000000', '2023-05-18 00:00:00.000000', false, 1, null, 'PERSON'),
        (162, 64, 3, 2, null, false, '07003 Bowman Trail', 41, 51, '2023-05-18 00:00:00.000000', '2023-05-18 00:00:00.000000', false, 1, null, 'PERSON'),
        (163, 93, 1, 10, null, false, '45 Everett Road', 38, 55, '2023-05-18 00:00:00.000000', '2023-05-18 00:00:00.000000', false, 1, null, 'PERSON'),
        (164, 113, 4, 6, null, false, '547 Golf View Place', 11, 24, '2023-05-18 00:00:00.000000', '2023-05-18 00:00:00.000000', false, 1, null, 'PERSON'),
        (165, 112, 4, 7, null, false, '78 Schurz Point', 31, 9, '2023-05-18 00:00:00.000000', '2023-05-18 00:00:00.000000', false, 1, null, 'PERSON'),
        (166, 132, 2, 10, null, false, '39 Ronald Regan Hill', 19, 44, '2023-05-18 00:00:00.000000', '2023-05-18 00:00:00.000000', false, 1, null, 'PERSON'),
        (167, 36, 3, 6, null, false, '9821 Nobel Parkway', 2, 27, '2023-05-18 00:00:00.000000', '2023-05-18 00:00:00.000000', false, 1, null, 'PERSON'),
        (168, 78, 1, 15, null, false, '854 Chive Court', 16, 20, '2023-05-18 00:00:00.000000', '2023-05-18 00:00:00.000000', false, 1, null, 'PERSON'),
        (169, 58, 1, 12, null, false, '742 Sachtjen Plaza', 31, 50, '2023-05-18 00:00:00.000000', '2023-05-18 00:00:00.000000', false, 1, null, 'PERSON'),
        (170, 122, 2, 9, null, false, '1677 Jay Street', 35, 12, '2023-05-18 00:00:00.000000', '2023-05-18 00:00:00.000000', false, 1, null, 'PERSON'),
        (171, 63, 5, 4, null, false, '430 Mandrake Terrace', 37, 32, '2023-05-18 00:00:00.000000', '2023-05-18 00:00:00.000000', false, 1, null, 'PERSON'),
        (172, 70, 3, 10, null, false, '26 Burning Wood Center', 5, 2, '2023-05-18 00:00:00.000000', '2023-05-18 00:00:00.000000', false, 1, null, 'PERSON'),
        (173, 54, 4, 4, null, false, '2876 Browning Point', 10, 32, '2023-05-18 00:00:00.000000', '2023-05-18 00:00:00.000000', false, 1, null, 'PERSON'),
        (174, 74, 2, 14, null, false, '86095 Holmberg Lane', 29, 20, '2023-05-18 00:00:00.000000', '2023-05-18 00:00:00.000000', false, 1, null, 'PERSON'),
        (175, 121, 4, 12, null, false, '04235 Esker Hill', 22, 28, '2023-05-18 00:00:00.000000', '2023-05-18 00:00:00.000000', false, 1, null, 'PERSON'),
        (176, 49, 1, 12, null, false, '1 Shelley Park', 17, 5, '2023-05-18 00:00:00.000000', '2023-05-18 00:00:00.000000', false, 1, null, 'PERSON'),
        (177, 132, 1, 10, null, false, '49788 Roth Lane', 27, 17, '2023-05-18 00:00:00.000000', '2023-05-18 00:00:00.000000', false, 1, null, 'PERSON'),
        (178, 41, 2, 10, null, false, '4 Trailsway Way', 28, 1, '2023-05-18 00:00:00.000000', '2023-05-18 00:00:00.000000', false, 1, null, 'PERSON'),
        (179, 87, 4, 15, null, false, '162 Bartelt Drive', 15, 5, '2023-05-18 00:00:00.000000', '2023-05-18 00:00:00.000000', false, 1, null, 'PERSON'),
        (180, 69, 1, 14, null, false, '13409 Duke Road', 31, 9, '2023-05-18 00:00:00.000000', '2023-05-18 00:00:00.000000', false, 1, null, 'PERSON'),
        (181, 91, 4, 12, null, false, '9522 Badeau Parkway', 33, 35, '2023-05-18 00:00:00.000000', '2023-05-18 00:00:00.000000', false, 1, null, 'PERSON'),
        (182, 113, 3, 6, null, false, '95 Prairie Rose Hill', 15, 11, '2023-05-18 00:00:00.000000', '2023-05-18 00:00:00.000000', false, 1, null, 'PERSON'),
        (183, 56, 4, 6, null, false, '655 Muir Hill', 25, 29, '2023-05-18 00:00:00.000000', '2023-05-18 00:00:00.000000', false, 1, null, 'PERSON'),
        (184, 66, 2, 3, null, false, '7 Dayton Place', 43, 24, '2023-05-18 00:00:00.000000', '2023-05-18 00:00:00.000000', false, 1, null, 'PERSON'),
        (185, 115, 1, 10, null, false, '7830 Kim Trail', 43, 22, '2023-05-18 00:00:00.000000', '2023-05-18 00:00:00.000000', false, 1, null, 'PERSON'),
        (187, 83, 4, 1, null, false, '611 Jana Trail', 5, 4, '2023-05-18 00:00:00.000000', '2023-05-18 00:00:00.000000', false, 1, null, 'PERSON'),
        (188, 91, 5, 14, null, false, '6 Paget Plaza', 15, 55, '2023-05-18 00:00:00.000000', '2023-05-18 00:00:00.000000', false, 1, null, 'PERSON'),
        (189, 85, 1, 11, null, false, '92685 Steensland Alley', 23, 39, '2023-05-18 00:00:00.000000', '2023-05-18 00:00:00.000000', false, 1, null, 'PERSON'),
        (190, 90, 2, 13, null, false, '56 Oak Valley Drive', 19, 17, '2023-05-18 00:00:00.000000', '2023-05-18 00:00:00.000000', false, 1, null, 'PERSON'),
        (191, 90, 2, 9, null, false, '66 Maple Wood Hill', 2, 51, '2023-05-18 00:00:00.000000', '2023-05-18 00:00:00.000000', false, 1, null, 'PERSON'),
        (192, 31, 5, 1, null, false, '072 Holy Cross Drive', 13, 55, '2023-05-18 00:00:00.000000', '2023-05-18 00:00:00.000000', false, 1, null, 'PERSON'),
        (193, 61, 1, 3, null, false, '7442 American Court', 2, 20, '2023-05-18 00:00:00.000000', '2023-05-18 00:00:00.000000', false, 1, null, 'PERSON'),
        (194, 56, 3, 7, null, false, '1 Corben Drive', 6, 14, '2023-05-18 00:00:00.000000', '2023-05-18 00:00:00.000000', false, 1, null, 'PERSON'),
        (195, 74, 5, 2, null, false, '1011 Hudson Street', 24, 33, '2023-05-18 00:00:00.000000', '2023-05-18 00:00:00.000000', false, 1, null, 'PERSON'),
        (196, 121, 5, 10, null, false, '43 Utah Point', 4, 27, '2023-05-18 00:00:00.000000', '2023-05-18 00:00:00.000000', false, 1, null, 'PERSON'),
        (197, 105, 3, 9, null, false, '247 Kings Parkway', 1, 11, '2023-05-18 00:00:00.000000', '2023-05-18 00:00:00.000000', false, 1, null, 'PERSON'),
        (198, 61, 5, 5, null, false, '31 Maryland Terrace', 36, 30, '2023-05-18 00:00:00.000000', '2023-05-18 00:00:00.000000', false, 1, null, 'PERSON'),
        (199, 95, 4, 1, null, false, '31 Twin Pines Crossing', 43, 21, '2023-05-18 00:00:00.000000', '2023-05-18 00:00:00.000000', false, 1, null, 'PERSON'),
        (200, 59, 2, 9, null, false, '44403 Westport Plaza', 14, 17, '2023-05-18 00:00:00.000000', '2023-05-18 00:00:00.000000', false, 1, null, 'PERSON'),
        (201, 51, 5, 4, null, false, '9 Shopko Avenue', 19, 20, '2023-05-18 00:00:00.000000', '2023-05-18 00:00:00.000000', false, 1, null, 'PERSON'),
        (202, 131, 3, 13, null, false, '637 Troy Drive', 31, 54, '2023-05-18 00:00:00.000000', '2023-05-18 00:00:00.000000', false, 1, null, 'PERSON'),
        (203, 110, 4, 14, null, false, '07 Petterle Plaza', 16, 47, '2023-05-18 00:00:00.000000', '2023-05-18 00:00:00.000000', false, 1, null, 'PERSON'),
        (204, 94, 4, 1, null, false, '1 Hoepker Park', 33, 49, '2023-05-18 00:00:00.000000', '2023-05-18 00:00:00.000000', false, 1, null, 'PERSON'),
        (205, 129, 3, 1, null, false, '2 Northfield Circle', 34, 12, '2023-05-18 00:00:00.000000', '2023-05-18 00:00:00.000000', false, 1, null, 'PERSON'),
        (206, 105, 2, 8, null, false, '081 Ryan Place', 37, 3, '2023-05-18 00:00:00.000000', '2023-05-18 00:00:00.000000', false, 1, null, 'PERSON'),
        (207, 85, 3, 1, null, false, '75835 Welch Junction', 6, 26, '2023-05-18 00:00:00.000000', '2023-05-18 00:00:00.000000', false, 1, null, 'PERSON'),
        (208, 138, 4, 14, null, false, '92 Kedzie Lane', 19, 28, '2023-05-18 00:00:00.000000', '2023-05-18 00:00:00.000000', false, 1, null, 'PERSON'),
        (209, 65, 4, 4, null, false, '52683 Dovetail Alley', 13, 11, '2023-05-18 00:00:00.000000', '2023-05-18 00:00:00.000000', false, 1, null, 'PERSON'),
        (210, 82, 5, 7, null, false, '762 Bunting Circle', 29, 40, '2023-05-18 00:00:00.000000', '2023-05-18 00:00:00.000000', false, 1, null, 'PERSON'),
        (211, 113, 5, 7, null, false, '44899 Milwaukee Park', 17, 41, '2023-05-18 00:00:00.000000', '2023-05-18 00:00:00.000000', false, 1, null, 'PERSON'),
        (212, 124, 3, 8, null, false, '6835 Prentice Avenue', 22, 45, '2023-05-18 00:00:00.000000', '2023-05-18 00:00:00.000000', false, 1, null, 'PERSON'),
        (213, 95, 3, 15, null, false, '2503 Bay Alley', 43, 43, '2023-05-18 00:00:00.000000', '2023-05-18 00:00:00.000000', false, 1, null, 'PERSON'),
        (214, 87, 3, 9, null, false, '972 Helena Avenue', 40, 19, '2023-05-18 00:00:00.000000', '2023-05-18 00:00:00.000000', false, 1, null, 'PERSON'),
        (215, 135, 5, 15, null, false, '14 Brickson Park Trail', 18, 33, '2023-05-18 00:00:00.000000', '2023-05-18 00:00:00.000000', false, 1, null, 'PERSON'),
        (216, 30, 3, 2, null, false, '7824 Bunker Hill Court', 32, 26, '2023-05-18 00:00:00.000000', '2023-05-18 00:00:00.000000', false, 1, null, 'PERSON'),
        (217, 35, 2, 11, null, false, '0314 Gulseth Junction', 6, 24, '2023-05-18 00:00:00.000000', '2023-05-18 00:00:00.000000', false, 1, null, 'PERSON'),
        (218, 91, 2, 14, null, false, '2 Marquette Lane', 7, 51, '2023-05-18 00:00:00.000000', '2023-05-18 00:00:00.000000', false, 1, null, 'PERSON'),
        (219, 70, 1, 1, null, false, '4678 Susan Place', 34, 36, '2023-05-18 00:00:00.000000', '2023-05-18 00:00:00.000000', false, 1, null, 'PERSON'),
        (220, 72, 5, 8, null, false, '2969 Lyons Drive', 1, 4, '2023-05-18 00:00:00.000000', '2023-05-18 00:00:00.000000', false, 1, null, 'PERSON'),
        (221, 39, 2, 14, null, false, '465 Gerald Alley', 14, 12, '2023-05-18 00:00:00.000000', '2023-05-18 00:00:00.000000', false, 1, null, 'PERSON'),
        (222, 71, 4, 3, null, false, '99 Meadow Vale Avenue', 10, 24, '2023-05-18 00:00:00.000000', '2023-05-18 00:00:00.000000', false, 1, null, 'PERSON'),
        (223, 41, 3, 13, null, false, '7226 Pearson Road', 6, 3, '2023-05-18 00:00:00.000000', '2023-05-18 00:00:00.000000', false, 1, null, 'PERSON'),
        (224, 106, 3, 3, null, false, '1723 Gulseth Parkway', 39, 6, '2023-05-18 00:00:00.000000', '2023-05-18 00:00:00.000000', false, 1, null, 'PERSON'),
        (225, 99, 3, 4, null, false, '77872 Morningstar Terrace', 24, 31, '2023-05-18 00:00:00.000000', '2023-05-18 00:00:00.000000', false, 1, null, 'PERSON'),
        (226, 54, 3, 12, null, false, '11 Crowley Court', 29, 41, '2023-05-18 00:00:00.000000', '2023-05-18 00:00:00.000000', false, 1, null, 'PERSON'),
        (227, 69, 5, 15, null, false, '1 Prairieview Circle', 28, 52, '2023-05-18 00:00:00.000000', '2023-05-18 00:00:00.000000', false, 1, null, 'PERSON'),
        (228, 104, 4, 14, null, false, '0274 Doe Crossing Place', 23, 36, '2023-05-18 00:00:00.000000', '2023-05-18 00:00:00.000000', false, 1, null, 'PERSON'),
        (229, 52, 1, 1, null, false, '531 Lindbergh Park', 18, 50, '2023-05-18 00:00:00.000000', '2023-05-18 00:00:00.000000', false, 1, null, 'PERSON'),
        (230, 60, 4, 15, null, false, '983 Gerald Circle', 41, 17, '2023-05-18 00:00:00.000000', '2023-05-18 00:00:00.000000', false, 1, null, 'PERSON'),
        (231, 135, 2, 6, null, false, '860 Commercial Pass', 5, 5, '2023-05-18 00:00:00.000000', '2023-05-18 00:00:00.000000', false, 1, null, 'PERSON'),
        (232, 124, 3, 2, null, false, '69 Heath Way', 20, 47, '2023-05-18 00:00:00.000000', '2023-05-18 00:00:00.000000', false, 1, null, 'PERSON'),
        (233, 95, 5, 2, null, false, '5512 Pepper Wood Alley', 11, 49, '2023-05-18 00:00:00.000000', '2023-05-18 00:00:00.000000', false, 1, null, 'PERSON'),
        (234, 40, 4, 14, null, false, '07 Oneill Road', 41, 5, '2023-05-18 00:00:00.000000', '2023-05-18 00:00:00.000000', false, 1, null, 'PERSON'),
        (235, 126, 1, 7, null, false, '82598 Sachtjen Hill', 14, 20, '2023-05-18 00:00:00.000000', '2023-05-18 00:00:00.000000', false, 1, null, 'PERSON'),
        (236, 134, 3, 11, null, false, '36 Brickson Park Hill', 11, 12, '2023-05-18 00:00:00.000000', '2023-05-18 00:00:00.000000', false, 1, null, 'PERSON'),
        (237, 79, 3, 14, null, false, '38 Alpine Drive', 6, 55, '2023-05-18 00:00:00.000000', '2023-05-18 00:00:00.000000', false, 1, null, 'PERSON'),
        (238, 111, 5, 6, null, false, '14139 Loeprich Trail', 42, 47, '2023-05-18 00:00:00.000000', '2023-05-18 00:00:00.000000', false, 1, null, 'PERSON'),
        (239, 135, 3, 11, null, false, '63 Dixon Center', 39, 2, '2023-05-18 00:00:00.000000', '2023-05-18 00:00:00.000000', false, 1, null, 'PERSON'),
        (240, 99, 2, 14, null, false, '923 Mosinee Avenue', 44, 10, '2023-05-18 00:00:00.000000', '2023-05-18 00:00:00.000000', false, 1, null, 'PERSON'),
        (241, 134, 3, 15, null, false, '86344 Stoughton Crossing', 28, 51, '2023-05-18 00:00:00.000000', '2023-05-18 00:00:00.000000', false, 1, null, 'PERSON'),
        (242, 135, 1, 6, null, false, '41 Harbort Hill', 39, 54, '2023-05-18 00:00:00.000000', '2023-05-18 00:00:00.000000', false, 1, null, 'PERSON'),
        (243, 73, 5, 11, null, false, '1 Schlimgen Plaza', 18, 4, '2023-05-18 00:00:00.000000', '2023-05-18 00:00:00.000000', false, 1, null, 'PERSON'),
        (244, 127, 1, 7, null, false, '814 Annamark Circle', 38, 4, '2023-05-18 00:00:00.000000', '2023-05-18 00:00:00.000000', false, 1, null, 'PERSON'),
        (245, 33, 1, 12, null, false, '0307 Vera Park', 26, 39, '2023-05-18 00:00:00.000000', '2023-05-18 00:00:00.000000', false, 1, null, 'PERSON'),
        (246, 50, 5, 7, null, false, '022 Dottie Circle', 3, 51, '2023-05-18 00:00:00.000000', '2023-05-18 00:00:00.000000', false, 1, null, 'PERSON'),
        (247, 36, 3, 1, null, false, '5 Merchant Avenue', 15, 50, '2023-05-18 00:00:00.000000', '2023-05-18 00:00:00.000000', false, 1, null, 'PERSON'),
        (248, 41, 5, 13, null, false, '90651 Randy Plaza', 21, 39, '2023-05-18 00:00:00.000000', '2023-05-18 00:00:00.000000', false, 1, null, 'PERSON'),
        (249, 135, 3, 10, null, false, '72 Manley Street', 18, 55, '2023-05-18 00:00:00.000000', '2023-05-18 00:00:00.000000', false, 1, null, 'PERSON'),
        (250, 44, 3, 1, null, false, '30 Colorado Way', 35, 12, '2023-05-18 00:00:00.000000', '2023-05-18 00:00:00.000000', false, 1, null, 'PERSON'),
        (251, 72, 5, 2, null, false, '032 Glendale Road', 1, 28, '2023-05-18 00:00:00.000000', '2023-05-18 00:00:00.000000', false, 1, null, 'PERSON'),
        (252, 86, 2, 3, null, false, '9178 Cascade Place', 38, 50, '2023-05-18 00:00:00.000000', '2023-05-18 00:00:00.000000', false, 1, null, 'PERSON'),
        (254, 134, 5, 6, null, false, '18 Westend Way', 25, 47, '2023-05-18 00:00:00.000000', '2023-05-18 00:00:00.000000', false, 1, null, 'PERSON'),
        (255, 31, 1, 10, null, false, '989 Carey Way', 42, 30, '2023-05-18 00:00:00.000000', '2023-05-18 00:00:00.000000', false, 1, null, 'PERSON'),
        (256, 80, 4, 12, null, false, '56995 Prentice Point', 30, 24, '2023-05-18 00:00:00.000000', '2023-05-18 00:00:00.000000', false, 1, null, 'PERSON'),
        (257, 135, 5, 15, null, false, '3154 Ludington Parkway', 15, 17, '2023-05-18 00:00:00.000000', '2023-05-18 00:00:00.000000', false, 1, null, 'PERSON'),
        (259, 125, 4, 1, null, false, '1612 Wayridge Place', 28, 55, '2023-05-18 00:00:00.000000', '2023-05-18 00:00:00.000000', false, 1, null, 'PERSON'),
        (260, 40, 2, 14, null, false, '51 Oakridge Place', 5, 23, '2023-05-18 00:00:00.000000', '2023-05-18 00:00:00.000000', false, 1, null, 'PERSON'),
        (261, 81, 3, 2, null, false, '0 School Way', 36, 6, '2023-05-18 00:00:00.000000', '2023-05-18 00:00:00.000000', false, 1, null, 'PERSON'),
        (262, 86, 5, 13, null, false, '7735 Westerfield Center', 34, 5, '2023-05-18 00:00:00.000000', '2023-05-18 00:00:00.000000', false, 1, null, 'PERSON'),
        (263, 69, 3, 2, null, false, '21 Oxford Alley', 36, 3, '2023-05-18 00:00:00.000000', '2023-05-18 00:00:00.000000', false, 1, null, 'PERSON'),
        (264, 129, 4, 11, null, false, '3 Harbort Crossing', 17, 52, '2023-05-18 00:00:00.000000', '2023-05-18 00:00:00.000000', false, 1, null, 'PERSON'),
        (265, 64, 2, 12, null, false, '23717 Chive Pass', 5, 3, '2023-05-18 00:00:00.000000', '2023-05-18 00:00:00.000000', false, 1, null, 'PERSON');

insert into public.rents (rent_id, real_estate_id, rent_per_month, created, changed, is_deleted, min_period)
values  (1, 1, 950.00, '2023-05-13 14:42:49.579389', '2023-05-13 14:46:19.270274', false, 12),
        (2, 2, 1000.00, '2023-05-17 15:56:53.000000', '2023-05-17 15:56:53.000000', false, 10),
        (3, 3, 2540.00, '2023-05-17 15:56:53.000000', '2023-05-17 15:56:53.000000', false, 9),
        (4, 4, 200.00, '2023-05-17 15:56:53.000000', '2023-05-17 15:56:53.000000', false, 24),
        (5, 5, 198.00, '2023-05-17 15:56:53.000000', '2023-05-17 15:56:53.000000', false, 7),
        (6, 58, 2328.00, '2023-05-18 00:00:00.000000', '2023-05-18 00:00:00.000000', false, 4),
        (7, 50, 2041.00, '2023-05-18 00:00:00.000000', '2023-05-18 00:00:00.000000', false, 20),
        (8, 77, 959.00, '2023-05-18 00:00:00.000000', '2023-05-18 00:00:00.000000', false, 4),
        (10, 69, 321.00, '2023-05-18 00:00:00.000000', '2023-05-18 00:00:00.000000', false, 9),
        (11, 94, 1841.00, '2023-05-18 00:00:00.000000', '2023-05-18 00:00:00.000000', false, 9),
        (12, 16, 1021.00, '2023-05-18 00:00:00.000000', '2023-05-18 00:00:00.000000', false, 16),
        (13, 109, 4636.00, '2023-05-18 00:00:00.000000', '2023-05-18 00:00:00.000000', false, 8),
        (14, 7, 1159.00, '2023-05-18 00:00:00.000000', '2023-05-18 00:00:00.000000', false, 11),
        (15, 58, 2621.00, '2023-05-18 00:00:00.000000', '2023-05-18 00:00:00.000000', false, 20),
        (16, 94, 4271.00, '2023-05-18 00:00:00.000000', '2023-05-18 00:00:00.000000', false, 22),
        (17, 86, 3491.00, '2023-05-18 00:00:00.000000', '2023-05-18 00:00:00.000000', false, 10),
        (18, 48, 1799.00, '2023-05-18 00:00:00.000000', '2023-05-18 00:00:00.000000', false, 24),
        (19, 90, 1594.00, '2023-05-18 00:00:00.000000', '2023-05-18 00:00:00.000000', false, 9),
        (20, 80, 1992.00, '2023-05-18 00:00:00.000000', '2023-05-18 00:00:00.000000', false, 3),
        (21, 10, 3511.00, '2023-05-18 00:00:00.000000', '2023-05-18 00:00:00.000000', false, 6),
        (23, 55, 4062.00, '2023-05-18 00:00:00.000000', '2023-05-18 00:00:00.000000', false, 8),
        (24, 61, 2722.00, '2023-05-18 00:00:00.000000', '2023-05-18 00:00:00.000000', false, 21),
        (25, 68, 746.00, '2023-05-18 00:00:00.000000', '2023-05-18 00:00:00.000000', false, 14),
        (26, 36, 1926.00, '2023-05-18 00:00:00.000000', '2023-05-18 00:00:00.000000', false, 18),
        (27, 20, 3730.00, '2023-05-18 00:00:00.000000', '2023-05-18 00:00:00.000000', false, 7),
        (28, 93, 4491.00, '2023-05-18 00:00:00.000000', '2023-05-18 00:00:00.000000', false, 3),
        (29, 63, 3627.00, '2023-05-18 00:00:00.000000', '2023-05-18 00:00:00.000000', false, 12),
        (30, 108, 3479.00, '2023-05-18 00:00:00.000000', '2023-05-18 00:00:00.000000', false, 14),
        (31, 58, 4220.00, '2023-05-18 00:00:00.000000', '2023-05-18 00:00:00.000000', false, 20),
        (32, 51, 2448.00, '2023-05-18 00:00:00.000000', '2023-05-18 00:00:00.000000', false, 22),
        (33, 15, 3070.00, '2023-05-18 00:00:00.000000', '2023-05-18 00:00:00.000000', false, 7),
        (34, 52, 1309.00, '2023-05-18 00:00:00.000000', '2023-05-18 00:00:00.000000', false, 13),
        (35, 27, 3474.00, '2023-05-18 00:00:00.000000', '2023-05-18 00:00:00.000000', false, 19),
        (36, 47, 2993.00, '2023-05-18 00:00:00.000000', '2023-05-18 00:00:00.000000', false, 1),
        (37, 59, 1460.00, '2023-05-18 00:00:00.000000', '2023-05-18 00:00:00.000000', false, 1),
        (38, 79, 300.00, '2023-05-18 00:00:00.000000', '2023-05-18 00:00:00.000000', false, 17),
        (39, 43, 2659.00, '2023-05-18 00:00:00.000000', '2023-05-18 00:00:00.000000', false, 3),
        (40, 83, 4269.00, '2023-05-18 00:00:00.000000', '2023-05-18 00:00:00.000000', false, 22),
        (41, 33, 378.00, '2023-05-18 00:00:00.000000', '2023-05-18 00:00:00.000000', false, 6),
        (42, 7, 1363.00, '2023-05-18 00:00:00.000000', '2023-05-18 00:00:00.000000', false, 17),
        (43, 64, 372.00, '2023-05-18 00:00:00.000000', '2023-05-18 00:00:00.000000', false, 3),
        (44, 102, 1238.00, '2023-05-18 00:00:00.000000', '2023-05-18 00:00:00.000000', false, 8),
        (45, 107, 2497.00, '2023-05-18 00:00:00.000000', '2023-05-18 00:00:00.000000', false, 11),
        (46, 57, 2314.00, '2023-05-18 00:00:00.000000', '2023-05-18 00:00:00.000000', false, 8),
        (47, 19, 4257.00, '2023-05-18 00:00:00.000000', '2023-05-18 00:00:00.000000', false, 3),
        (48, 60, 4578.00, '2023-05-18 00:00:00.000000', '2023-05-18 00:00:00.000000', false, 22),
        (49, 4, 2965.00, '2023-05-18 00:00:00.000000', '2023-05-18 00:00:00.000000', false, 15),
        (50, 46, 4790.00, '2023-05-18 00:00:00.000000', '2023-05-18 00:00:00.000000', false, 15),
        (51, 30, 2255.00, '2023-05-18 00:00:00.000000', '2023-05-18 00:00:00.000000', false, 21),
        (52, 43, 3234.00, '2023-05-18 00:00:00.000000', '2023-05-18 00:00:00.000000', false, 17),
        (53, 48, 4548.00, '2023-05-18 00:00:00.000000', '2023-05-18 00:00:00.000000', false, 8),
        (54, 109, 668.00, '2023-05-18 00:00:00.000000', '2023-05-18 00:00:00.000000', false, 18),
        (55, 27, 2874.00, '2023-05-18 00:00:00.000000', '2023-05-18 00:00:00.000000', false, 5),
        (56, 28, 1554.00, '2023-05-18 00:00:00.000000', '2023-05-18 00:00:00.000000', false, 7),
        (57, 99, 1372.00, '2023-05-18 00:00:00.000000', '2023-05-18 00:00:00.000000', false, 17),
        (58, 46, 3696.00, '2023-05-18 00:00:00.000000', '2023-05-18 00:00:00.000000', false, 2),
        (59, 13, 2496.00, '2023-05-18 00:00:00.000000', '2023-05-18 00:00:00.000000', false, 12),
        (60, 79, 834.00, '2023-05-18 00:00:00.000000', '2023-05-18 00:00:00.000000', false, 22),
        (61, 45, 1579.00, '2023-05-18 00:00:00.000000', '2023-05-18 00:00:00.000000', false, 17),
        (62, 13, 1684.00, '2023-05-18 00:00:00.000000', '2023-05-18 00:00:00.000000', false, 7),
        (63, 58, 1670.00, '2023-05-18 00:00:00.000000', '2023-05-18 00:00:00.000000', false, 21),
        (64, 1, 4208.00, '2023-05-18 00:00:00.000000', '2023-05-18 00:00:00.000000', false, 5),
        (65, 2, 4812.00, '2023-05-18 00:00:00.000000', '2023-05-18 00:00:00.000000', false, 21),
        (66, 21, 3334.00, '2023-05-18 00:00:00.000000', '2023-05-18 00:00:00.000000', false, 14),
        (67, 45, 794.00, '2023-05-18 00:00:00.000000', '2023-05-18 00:00:00.000000', false, 16),
        (68, 13, 4374.00, '2023-05-18 00:00:00.000000', '2023-05-18 00:00:00.000000', false, 16),
        (69, 25, 931.00, '2023-05-18 00:00:00.000000', '2023-05-18 00:00:00.000000', false, 15),
        (70, 4, 1620.00, '2023-05-18 00:00:00.000000', '2023-05-18 00:00:00.000000', false, 18),
        (71, 17, 2766.00, '2023-05-18 00:00:00.000000', '2023-05-18 00:00:00.000000', false, 12),
        (72, 4, 3104.00, '2023-05-18 00:00:00.000000', '2023-05-18 00:00:00.000000', false, 10),
        (73, 33, 526.00, '2023-05-18 00:00:00.000000', '2023-05-18 00:00:00.000000', false, 16),
        (74, 98, 2323.00, '2023-05-18 00:00:00.000000', '2023-05-18 00:00:00.000000', false, 9),
        (75, 47, 629.00, '2023-05-18 00:00:00.000000', '2023-05-18 00:00:00.000000', false, 17),
        (76, 44, 3793.00, '2023-05-18 00:00:00.000000', '2023-05-18 00:00:00.000000', false, 13),
        (77, 59, 3982.00, '2023-05-18 00:00:00.000000', '2023-05-18 00:00:00.000000', false, 12),
        (78, 250, 3625.00, '2023-05-18 00:00:00.000000', '2023-05-18 00:00:00.000000', false, 12),
        (79, 95, 798.00, '2023-05-18 00:00:00.000000', '2023-05-18 00:00:00.000000', false, 6),
        (80, 46, 3524.00, '2023-05-18 00:00:00.000000', '2023-05-18 00:00:00.000000', false, 23),
        (81, 98, 2794.00, '2023-05-18 00:00:00.000000', '2023-05-18 00:00:00.000000', false, 12),
        (82, 230, 2974.00, '2023-05-18 00:00:00.000000', '2023-05-18 00:00:00.000000', false, 4),
        (83, 17, 3586.00, '2023-05-18 00:00:00.000000', '2023-05-18 00:00:00.000000', false, 7),
        (84, 48, 2125.00, '2023-05-18 00:00:00.000000', '2023-05-18 00:00:00.000000', false, 23),
        (85, 87, 3297.00, '2023-05-18 00:00:00.000000', '2023-05-18 00:00:00.000000', false, 18),
        (86, 104, 2835.00, '2023-05-18 00:00:00.000000', '2023-05-18 00:00:00.000000', false, 12),
        (87, 66, 3831.00, '2023-05-18 00:00:00.000000', '2023-05-18 00:00:00.000000', false, 9),
        (88, 41, 1271.00, '2023-05-18 00:00:00.000000', '2023-05-18 00:00:00.000000', false, 4),
        (89, 6, 3065.00, '2023-05-18 00:00:00.000000', '2023-05-18 00:00:00.000000', false, 7),
        (90, 12, 674.00, '2023-05-18 00:00:00.000000', '2023-05-18 00:00:00.000000', false, 1),
        (91, 102, 2679.00, '2023-05-18 00:00:00.000000', '2023-05-18 00:00:00.000000', false, 16),
        (92, 90, 302.00, '2023-05-18 00:00:00.000000', '2023-05-18 00:00:00.000000', false, 9),
        (93, 5, 2592.00, '2023-05-18 00:00:00.000000', '2023-05-18 00:00:00.000000', false, 17),
        (95, 222, 3210.00, '2023-05-18 00:00:00.000000', '2023-05-18 00:00:00.000000', false, 2),
        (96, 42, 4216.00, '2023-05-18 00:00:00.000000', '2023-05-18 00:00:00.000000', false, 4),
        (97, 89, 869.00, '2023-05-18 00:00:00.000000', '2023-05-18 00:00:00.000000', false, 24),
        (98, 72, 2767.00, '2023-05-18 00:00:00.000000', '2023-05-18 00:00:00.000000', false, 6),
        (99, 156, 2082.00, '2023-05-18 00:00:00.000000', '2023-05-18 00:00:00.000000', false, 17),
        (100, 71, 4020.00, '2023-05-18 00:00:00.000000', '2023-05-18 00:00:00.000000', false, 20),
        (101, 95, 3200.00, '2023-05-18 00:00:00.000000', '2023-05-18 00:00:00.000000', false, 19),
        (102, 48, 3559.00, '2023-05-18 00:00:00.000000', '2023-05-18 00:00:00.000000', false, 16),
        (103, 29, 1485.00, '2023-05-18 00:00:00.000000', '2023-05-18 00:00:00.000000', false, 13),
        (104, 12, 2310.00, '2023-05-18 00:00:00.000000', '2023-05-18 00:00:00.000000', false, 8),
        (105, 6, 4837.00, '2023-05-18 00:00:00.000000', '2023-05-18 00:00:00.000000', false, 22),
        (106, 150, 996.00, '2023-05-18 00:00:00.000000', '2023-05-18 00:00:00.000000', false, 17),
        (107, 4, 1476.00, '2023-05-18 00:00:00.000000', '2023-05-18 00:00:00.000000', false, 1),
        (108, 96, 4241.00, '2023-05-18 00:00:00.000000', '2023-05-18 00:00:00.000000', false, 3),
        (109, 79, 1790.00, '2023-05-18 00:00:00.000000', '2023-05-18 00:00:00.000000', false, 9),
        (110, 76, 635.00, '2023-05-18 00:00:00.000000', '2023-05-18 00:00:00.000000', false, 13),
        (111, 99, 2891.00, '2023-05-18 00:00:00.000000', '2023-05-18 00:00:00.000000', false, 4),
        (112, 86, 1214.00, '2023-05-18 00:00:00.000000', '2023-05-18 00:00:00.000000', false, 21),
        (113, 92, 1486.00, '2023-05-18 00:00:00.000000', '2023-05-18 00:00:00.000000', false, 6),
        (114, 22, 2603.00, '2023-05-18 00:00:00.000000', '2023-05-18 00:00:00.000000', false, 12),
        (115, 66, 3696.00, '2023-05-18 00:00:00.000000', '2023-05-18 00:00:00.000000', false, 9),
        (116, 30, 182.00, '2023-05-18 00:00:00.000000', '2023-05-18 00:00:00.000000', false, 24),
        (117, 157, 3129.00, '2023-05-18 00:00:00.000000', '2023-05-18 00:00:00.000000', false, 15),
        (118, 65, 4928.00, '2023-05-18 00:00:00.000000', '2023-05-18 00:00:00.000000', false, 24),
        (119, 66, 3941.00, '2023-05-18 00:00:00.000000', '2023-05-18 00:00:00.000000', false, 12),
        (120, 20, 2291.00, '2023-05-18 00:00:00.000000', '2023-05-18 00:00:00.000000', false, 17),
        (121, 71, 1612.00, '2023-05-18 00:00:00.000000', '2023-05-18 00:00:00.000000', false, 4),
        (122, 86, 4594.00, '2023-05-18 00:00:00.000000', '2023-05-18 00:00:00.000000', false, 12),
        (123, 94, 949.00, '2023-05-18 00:00:00.000000', '2023-05-18 00:00:00.000000', false, 2),
        (124, 42, 827.00, '2023-05-18 00:00:00.000000', '2023-05-18 00:00:00.000000', false, 19),
        (125, 5, 247.00, '2023-05-18 00:00:00.000000', '2023-05-18 00:00:00.000000', false, 6),
        (126, 74, 2184.00, '2023-05-18 00:00:00.000000', '2023-05-18 00:00:00.000000', false, 9),
        (127, 78, 4564.00, '2023-05-18 00:00:00.000000', '2023-05-18 00:00:00.000000', false, 7),
        (128, 42, 3334.00, '2023-05-18 00:00:00.000000', '2023-05-18 00:00:00.000000', false, 6),
        (129, 18, 2194.00, '2023-05-18 00:00:00.000000', '2023-05-18 00:00:00.000000', false, 3),
        (130, 89, 886.00, '2023-05-18 00:00:00.000000', '2023-05-18 00:00:00.000000', false, 21),
        (131, 39, 565.00, '2023-05-18 00:00:00.000000', '2023-05-18 00:00:00.000000', false, 11),
        (132, 95, 2714.00, '2023-05-18 00:00:00.000000', '2023-05-18 00:00:00.000000', false, 22),
        (133, 200, 160.00, '2023-05-18 00:00:00.000000', '2023-05-18 00:00:00.000000', false, 11),
        (134, 28, 1375.00, '2023-05-18 00:00:00.000000', '2023-05-18 00:00:00.000000', false, 19),
        (135, 138, 3960.00, '2023-05-18 00:00:00.000000', '2023-05-18 00:00:00.000000', false, 5),
        (136, 179, 4048.00, '2023-05-18 00:00:00.000000', '2023-05-18 00:00:00.000000', false, 22),
        (137, 121, 819.00, '2023-05-18 00:00:00.000000', '2023-05-18 00:00:00.000000', false, 11),
        (138, 173, 4481.00, '2023-05-18 00:00:00.000000', '2023-05-18 00:00:00.000000', false, 2),
        (139, 206, 2864.00, '2023-05-18 00:00:00.000000', '2023-05-18 00:00:00.000000', false, 4),
        (140, 83, 318.00, '2023-05-18 00:00:00.000000', '2023-05-18 00:00:00.000000', false, 13),
        (141, 190, 1901.00, '2023-05-18 00:00:00.000000', '2023-05-18 00:00:00.000000', false, 7),
        (142, 196, 1479.00, '2023-05-18 00:00:00.000000', '2023-05-18 00:00:00.000000', false, 5),
        (143, 20, 3472.00, '2023-05-18 00:00:00.000000', '2023-05-18 00:00:00.000000', false, 9),
        (144, 95, 3816.00, '2023-05-18 00:00:00.000000', '2023-05-18 00:00:00.000000', false, 12),
        (145, 173, 175.00, '2023-05-18 00:00:00.000000', '2023-05-18 00:00:00.000000', false, 23),
        (146, 120, 713.00, '2023-05-18 00:00:00.000000', '2023-05-18 00:00:00.000000', false, 17),
        (147, 18, 3605.00, '2023-05-18 00:00:00.000000', '2023-05-18 00:00:00.000000', false, 15),
        (148, 184, 854.00, '2023-05-18 00:00:00.000000', '2023-05-18 00:00:00.000000', false, 21),
        (149, 137, 2048.00, '2023-05-18 00:00:00.000000', '2023-05-18 00:00:00.000000', false, 19),
        (150, 53, 1428.00, '2023-05-18 00:00:00.000000', '2023-05-18 00:00:00.000000', false, 16),
        (151, 94, 3431.00, '2023-05-18 00:00:00.000000', '2023-05-18 00:00:00.000000', false, 21),
        (152, 62, 4923.00, '2023-05-18 00:00:00.000000', '2023-05-18 00:00:00.000000', false, 9),
        (153, 73, 4933.00, '2023-05-18 00:00:00.000000', '2023-05-18 00:00:00.000000', false, 16),
        (154, 97, 3052.00, '2023-05-18 00:00:00.000000', '2023-05-18 00:00:00.000000', false, 1),
        (155, 210, 2499.00, '2023-05-18 00:00:00.000000', '2023-05-18 00:00:00.000000', false, 2),
        (156, 50, 2332.00, '2023-05-18 00:00:00.000000', '2023-05-18 00:00:00.000000', false, 7),
        (157, 101, 2249.00, '2023-05-18 00:00:00.000000', '2023-05-18 00:00:00.000000', false, 17),
        (158, 82, 593.00, '2023-05-18 00:00:00.000000', '2023-05-18 00:00:00.000000', false, 21),
        (159, 105, 1056.00, '2023-05-18 00:00:00.000000', '2023-05-18 00:00:00.000000', false, 11),
        (160, 107, 4596.00, '2023-05-18 00:00:00.000000', '2023-05-18 00:00:00.000000', false, 17),
        (161, 53, 1654.00, '2023-05-18 00:00:00.000000', '2023-05-18 00:00:00.000000', false, 8),
        (162, 109, 1260.00, '2023-05-18 00:00:00.000000', '2023-05-18 00:00:00.000000', false, 2),
        (163, 44, 2619.00, '2023-05-18 00:00:00.000000', '2023-05-18 00:00:00.000000', false, 12),
        (164, 51, 3657.00, '2023-05-18 00:00:00.000000', '2023-05-18 00:00:00.000000', false, 16),
        (165, 150, 2276.00, '2023-05-18 00:00:00.000000', '2023-05-18 00:00:00.000000', false, 18),
        (166, 23, 2108.00, '2023-05-18 00:00:00.000000', '2023-05-18 00:00:00.000000', false, 6),
        (167, 48, 3025.00, '2023-05-18 00:00:00.000000', '2023-05-18 00:00:00.000000', false, 7),
        (168, 25, 1893.00, '2023-05-18 00:00:00.000000', '2023-05-18 00:00:00.000000', false, 14),
        (169, 41, 2516.00, '2023-05-18 00:00:00.000000', '2023-05-18 00:00:00.000000', false, 19),
        (170, 158, 2716.00, '2023-05-18 00:00:00.000000', '2023-05-18 00:00:00.000000', false, 1),
        (171, 128, 4525.00, '2023-05-18 00:00:00.000000', '2023-05-18 00:00:00.000000', false, 21),
        (172, 190, 3917.00, '2023-05-18 00:00:00.000000', '2023-05-18 00:00:00.000000', false, 7),
        (173, 112, 994.00, '2023-05-18 00:00:00.000000', '2023-05-18 00:00:00.000000', false, 18),
        (174, 54, 3075.00, '2023-05-18 00:00:00.000000', '2023-05-18 00:00:00.000000', false, 16),
        (175, 63, 4090.00, '2023-05-18 00:00:00.000000', '2023-05-18 00:00:00.000000', false, 5),
        (176, 184, 2810.00, '2023-05-18 00:00:00.000000', '2023-05-18 00:00:00.000000', false, 14),
        (177, 167, 1806.00, '2023-05-18 00:00:00.000000', '2023-05-18 00:00:00.000000', false, 12),
        (178, 178, 3184.00, '2023-05-18 00:00:00.000000', '2023-05-18 00:00:00.000000', false, 24),
        (179, 58, 3726.00, '2023-05-18 00:00:00.000000', '2023-05-18 00:00:00.000000', false, 11),
        (180, 140, 802.00, '2023-05-18 00:00:00.000000', '2023-05-18 00:00:00.000000', false, 4),
        (181, 8, 2686.00, '2023-05-18 00:00:00.000000', '2023-05-18 00:00:00.000000', false, 3),
        (182, 86, 571.00, '2023-05-18 00:00:00.000000', '2023-05-18 00:00:00.000000', false, 2),
        (183, 77, 2703.00, '2023-05-18 00:00:00.000000', '2023-05-18 00:00:00.000000', false, 14),
        (184, 58, 1282.00, '2023-05-18 00:00:00.000000', '2023-05-18 00:00:00.000000', false, 14),
        (185, 62, 1666.00, '2023-05-18 00:00:00.000000', '2023-05-18 00:00:00.000000', false, 19),
        (186, 30, 1265.00, '2023-05-18 00:00:00.000000', '2023-05-18 00:00:00.000000', false, 13),
        (187, 39, 2838.00, '2023-05-18 00:00:00.000000', '2023-05-18 00:00:00.000000', false, 12),
        (189, 86, 1251.00, '2023-05-18 00:00:00.000000', '2023-05-18 00:00:00.000000', false, 11),
        (190, 27, 4025.00, '2023-05-18 00:00:00.000000', '2023-05-18 00:00:00.000000', false, 20),
        (191, 79, 4837.00, '2023-05-18 00:00:00.000000', '2023-05-18 00:00:00.000000', false, 14),
        (192, 88, 2043.00, '2023-05-18 00:00:00.000000', '2023-05-18 00:00:00.000000', false, 21),
        (193, 2, 2099.00, '2023-05-18 00:00:00.000000', '2023-05-18 00:00:00.000000', false, 20),
        (194, 98, 4582.00, '2023-05-18 00:00:00.000000', '2023-05-18 00:00:00.000000', false, 23),
        (195, 117, 328.00, '2023-05-18 00:00:00.000000', '2023-05-18 00:00:00.000000', false, 10),
        (196, 184, 1966.00, '2023-05-18 00:00:00.000000', '2023-05-18 00:00:00.000000', false, 23),
        (197, 23, 1660.00, '2023-05-18 00:00:00.000000', '2023-05-18 00:00:00.000000', false, 23),
        (198, 103, 2695.00, '2023-05-18 00:00:00.000000', '2023-05-18 00:00:00.000000', false, 13),
        (199, 54, 4127.00, '2023-05-18 00:00:00.000000', '2023-05-18 00:00:00.000000', false, 5),
        (200, 46, 4509.00, '2023-05-18 00:00:00.000000', '2023-05-18 00:00:00.000000', false, 19),
        (201, 41, 1890.00, '2023-05-18 00:00:00.000000', '2023-05-18 00:00:00.000000', false, 1),
        (202, 157, 1030.00, '2023-05-18 00:00:00.000000', '2023-05-18 00:00:00.000000', false, 6),
        (203, 44, 2454.00, '2023-05-18 00:00:00.000000', '2023-05-18 00:00:00.000000', false, 7),
        (204, 93, 3087.00, '2023-05-18 00:00:00.000000', '2023-05-18 00:00:00.000000', false, 8),
        (205, 154, 4380.00, '2023-05-18 00:00:00.000000', '2023-05-18 00:00:00.000000', false, 10),
        (206, 72, 1306.00, '2023-05-18 00:00:00.000000', '2023-05-18 00:00:00.000000', false, 1);

insert into public.sales (sale_id, real_estate_id, price, created, changed, is_deleted)
values  (1, 1, 12000500.00, '2023-05-13 14:43:55.370528', '2023-05-13 14:45:25.157920', false),
        (4, 2, 15874000.00, '2023-05-17 15:58:09.000000', '2023-05-17 15:58:09.000000', false),
        (5, 3, 158460.00, '2023-05-17 15:58:09.000000', '2023-05-17 15:58:09.000000', false),
        (6, 4, 98564000.00, '2023-05-17 15:58:09.000000', '2023-05-17 15:58:09.000000', false),
        (7, 5, 445000.00, '2023-05-17 15:58:09.000000', '2023-05-17 15:58:09.000000', false),
        (8, 97, 12842580.00, '2023-05-18 00:00:00.000000', '2023-05-18 00:00:00.000000', false),
        (10, 28, 79119051.00, '2023-05-18 00:00:00.000000', '2023-05-18 00:00:00.000000', false),
        (11, 68, 14133868.00, '2023-05-18 00:00:00.000000', '2023-05-18 00:00:00.000000', false),
        (12, 36, 28134237.00, '2023-05-18 00:00:00.000000', '2023-05-18 00:00:00.000000', false),
        (13, 49, 35235628.00, '2023-05-18 00:00:00.000000', '2023-05-18 00:00:00.000000', false),
        (14, 9, 94221841.00, '2023-05-18 00:00:00.000000', '2023-05-18 00:00:00.000000', false),
        (15, 102, 25825986.00, '2023-05-18 00:00:00.000000', '2023-05-18 00:00:00.000000', false),
        (16, 13, 58103109.00, '2023-05-18 00:00:00.000000', '2023-05-18 00:00:00.000000', false),
        (17, 20, 73691307.00, '2023-05-18 00:00:00.000000', '2023-05-18 00:00:00.000000', false),
        (18, 39, 42267857.00, '2023-05-18 00:00:00.000000', '2023-05-18 00:00:00.000000', false),
        (19, 49, 80930053.00, '2023-05-18 00:00:00.000000', '2023-05-18 00:00:00.000000', false),
        (20, 3, 15037335.00, '2023-05-18 00:00:00.000000', '2023-05-18 00:00:00.000000', false),
        (21, 92, 32722980.00, '2023-05-18 00:00:00.000000', '2023-05-18 00:00:00.000000', false),
        (22, 10, 66330930.00, '2023-05-18 00:00:00.000000', '2023-05-18 00:00:00.000000', false),
        (23, 81, 18052569.00, '2023-05-18 00:00:00.000000', '2023-05-18 00:00:00.000000', false),
        (24, 30, 17175079.00, '2023-05-18 00:00:00.000000', '2023-05-18 00:00:00.000000', false),
        (25, 101, 27571736.00, '2023-05-18 00:00:00.000000', '2023-05-18 00:00:00.000000', false),
        (26, 20, 40222051.00, '2023-05-18 00:00:00.000000', '2023-05-18 00:00:00.000000', false),
        (27, 101, 34332107.00, '2023-05-18 00:00:00.000000', '2023-05-18 00:00:00.000000', false),
        (28, 40, 92682990.00, '2023-05-18 00:00:00.000000', '2023-05-18 00:00:00.000000', false),
        (29, 34, 99092913.00, '2023-05-18 00:00:00.000000', '2023-05-18 00:00:00.000000', false),
        (30, 52, 33244209.00, '2023-05-18 00:00:00.000000', '2023-05-18 00:00:00.000000', false),
        (31, 32, 55630585.00, '2023-05-18 00:00:00.000000', '2023-05-18 00:00:00.000000', false),
        (32, 76, 44985981.00, '2023-05-18 00:00:00.000000', '2023-05-18 00:00:00.000000', false),
        (33, 10, 8941558.00, '2023-05-18 00:00:00.000000', '2023-05-18 00:00:00.000000', false),
        (34, 79, 27570587.00, '2023-05-18 00:00:00.000000', '2023-05-18 00:00:00.000000', false),
        (35, 63, 24501009.00, '2023-05-18 00:00:00.000000', '2023-05-18 00:00:00.000000', false),
        (36, 87, 82687990.00, '2023-05-18 00:00:00.000000', '2023-05-18 00:00:00.000000', false),
        (37, 23, 62496334.00, '2023-05-18 00:00:00.000000', '2023-05-18 00:00:00.000000', false),
        (38, 33, 24070504.00, '2023-05-18 00:00:00.000000', '2023-05-18 00:00:00.000000', false),
        (39, 53, 26554303.00, '2023-05-18 00:00:00.000000', '2023-05-18 00:00:00.000000', false),
        (40, 44, 43605647.00, '2023-05-18 00:00:00.000000', '2023-05-18 00:00:00.000000', false),
        (41, 77, 63379028.00, '2023-05-18 00:00:00.000000', '2023-05-18 00:00:00.000000', false),
        (42, 73, 62262407.00, '2023-05-18 00:00:00.000000', '2023-05-18 00:00:00.000000', false),
        (43, 82, 71902258.00, '2023-05-18 00:00:00.000000', '2023-05-18 00:00:00.000000', false),
        (44, 14, 84991604.00, '2023-05-18 00:00:00.000000', '2023-05-18 00:00:00.000000', false),
        (45, 13, 5396631.00, '2023-05-18 00:00:00.000000', '2023-05-18 00:00:00.000000', false),
        (46, 30, 95635340.00, '2023-05-18 00:00:00.000000', '2023-05-18 00:00:00.000000', false),
        (47, 14, 48194523.00, '2023-05-18 00:00:00.000000', '2023-05-18 00:00:00.000000', false),
        (48, 17, 61773654.00, '2023-05-18 00:00:00.000000', '2023-05-18 00:00:00.000000', false),
        (49, 57, 36110348.00, '2023-05-18 00:00:00.000000', '2023-05-18 00:00:00.000000', false),
        (50, 11, 20742721.00, '2023-05-18 00:00:00.000000', '2023-05-18 00:00:00.000000', false),
        (51, 108, 56975414.00, '2023-05-18 00:00:00.000000', '2023-05-18 00:00:00.000000', false),
        (52, 29, 96933118.00, '2023-05-18 00:00:00.000000', '2023-05-18 00:00:00.000000', false),
        (53, 82, 68610283.00, '2023-05-18 00:00:00.000000', '2023-05-18 00:00:00.000000', false),
        (54, 50, 82231081.00, '2023-05-18 00:00:00.000000', '2023-05-18 00:00:00.000000', false),
        (55, 40, 59136441.00, '2023-05-18 00:00:00.000000', '2023-05-18 00:00:00.000000', false),
        (56, 69, 47658590.00, '2023-05-18 00:00:00.000000', '2023-05-18 00:00:00.000000', false),
        (57, 54, 74505707.00, '2023-05-18 00:00:00.000000', '2023-05-18 00:00:00.000000', false),
        (58, 95, 59543271.00, '2023-05-18 00:00:00.000000', '2023-05-18 00:00:00.000000', false),
        (59, 19, 59974067.00, '2023-05-18 00:00:00.000000', '2023-05-18 00:00:00.000000', false),
        (60, 1, 18624191.00, '2023-05-18 00:00:00.000000', '2023-05-18 00:00:00.000000', false),
        (61, 25, 90549917.00, '2023-05-18 00:00:00.000000', '2023-05-18 00:00:00.000000', false),
        (62, 25, 11397511.00, '2023-05-18 00:00:00.000000', '2023-05-18 00:00:00.000000', false),
        (63, 39, 41666837.00, '2023-05-18 00:00:00.000000', '2023-05-18 00:00:00.000000', false),
        (64, 95, 38631592.00, '2023-05-18 00:00:00.000000', '2023-05-18 00:00:00.000000', false),
        (65, 54, 91183018.00, '2023-05-18 00:00:00.000000', '2023-05-18 00:00:00.000000', false),
        (66, 42, 91698137.00, '2023-05-18 00:00:00.000000', '2023-05-18 00:00:00.000000', false),
        (67, 11, 43182235.00, '2023-05-18 00:00:00.000000', '2023-05-18 00:00:00.000000', false),
        (68, 97, 42765238.00, '2023-05-18 00:00:00.000000', '2023-05-18 00:00:00.000000', false),
        (69, 78, 92967916.00, '2023-05-18 00:00:00.000000', '2023-05-18 00:00:00.000000', false),
        (70, 61, 65327673.00, '2023-05-18 00:00:00.000000', '2023-05-18 00:00:00.000000', false),
        (71, 68, 19932987.00, '2023-05-18 00:00:00.000000', '2023-05-18 00:00:00.000000', false),
        (73, 69, 76990551.00, '2023-05-18 00:00:00.000000', '2023-05-18 00:00:00.000000', false),
        (74, 60, 32659475.00, '2023-05-18 00:00:00.000000', '2023-05-18 00:00:00.000000', false),
        (75, 36, 58410290.00, '2023-05-18 00:00:00.000000', '2023-05-18 00:00:00.000000', false),
        (76, 48, 25741029.00, '2023-05-18 00:00:00.000000', '2023-05-18 00:00:00.000000', false),
        (78, 39, 15248814.00, '2023-05-18 00:00:00.000000', '2023-05-18 00:00:00.000000', false),
        (80, 28, 54820128.00, '2023-05-18 00:00:00.000000', '2023-05-18 00:00:00.000000', false),
        (81, 48, 71819430.00, '2023-05-18 00:00:00.000000', '2023-05-18 00:00:00.000000', false),
        (82, 136, 78935098.00, '2023-05-18 00:00:00.000000', '2023-05-18 00:00:00.000000', false),
        (83, 177, 42982225.00, '2023-05-18 00:00:00.000000', '2023-05-18 00:00:00.000000', false),
        (84, 199, 8707987.00, '2023-05-18 00:00:00.000000', '2023-05-18 00:00:00.000000', false),
        (85, 157, 65062118.00, '2023-05-18 00:00:00.000000', '2023-05-18 00:00:00.000000', false),
        (86, 148, 99717000.00, '2023-05-18 00:00:00.000000', '2023-05-18 00:00:00.000000', false),
        (87, 151, 34255898.00, '2023-05-18 00:00:00.000000', '2023-05-18 00:00:00.000000', false),
        (88, 223, 71211290.00, '2023-05-18 00:00:00.000000', '2023-05-18 00:00:00.000000', false),
        (89, 189, 20953426.00, '2023-05-18 00:00:00.000000', '2023-05-18 00:00:00.000000', false),
        (90, 174, 42029359.00, '2023-05-18 00:00:00.000000', '2023-05-18 00:00:00.000000', false),
        (91, 169, 63824189.00, '2023-05-18 00:00:00.000000', '2023-05-18 00:00:00.000000', false),
        (92, 194, 21865549.00, '2023-05-18 00:00:00.000000', '2023-05-18 00:00:00.000000', false),
        (93, 179, 54875717.00, '2023-05-18 00:00:00.000000', '2023-05-18 00:00:00.000000', false),
        (94, 151, 71626097.00, '2023-05-18 00:00:00.000000', '2023-05-18 00:00:00.000000', false),
        (95, 173, 46318489.00, '2023-05-18 00:00:00.000000', '2023-05-18 00:00:00.000000', false),
        (96, 154, 21457407.00, '2023-05-18 00:00:00.000000', '2023-05-18 00:00:00.000000', false),
        (97, 117, 81845604.00, '2023-05-18 00:00:00.000000', '2023-05-18 00:00:00.000000', false),
        (98, 104, 9324863.00, '2023-05-18 00:00:00.000000', '2023-05-18 00:00:00.000000', false),
        (99, 40, 32382211.00, '2023-05-18 00:00:00.000000', '2023-05-18 00:00:00.000000', false),
        (100, 155, 31135778.00, '2023-05-18 00:00:00.000000', '2023-05-18 00:00:00.000000', false),
        (101, 12, 14640309.00, '2023-05-18 00:00:00.000000', '2023-05-18 00:00:00.000000', false),
        (102, 53, 15116938.00, '2023-05-18 00:00:00.000000', '2023-05-18 00:00:00.000000', false),
        (103, 135, 23652479.00, '2023-05-18 00:00:00.000000', '2023-05-18 00:00:00.000000', false),
        (104, 108, 39649807.00, '2023-05-18 00:00:00.000000', '2023-05-18 00:00:00.000000', false),
        (105, 29, 43854681.00, '2023-05-18 00:00:00.000000', '2023-05-18 00:00:00.000000', false),
        (107, 189, 56845798.00, '2023-05-18 00:00:00.000000', '2023-05-18 00:00:00.000000', false),
        (108, 148, 34116311.00, '2023-05-18 00:00:00.000000', '2023-05-18 00:00:00.000000', false),
        (109, 103, 98809536.00, '2023-05-18 00:00:00.000000', '2023-05-18 00:00:00.000000', false),
        (110, 102, 42254883.00, '2023-05-18 00:00:00.000000', '2023-05-18 00:00:00.000000', false),
        (111, 44, 55793243.00, '2023-05-18 00:00:00.000000', '2023-05-18 00:00:00.000000', false),
        (112, 174, 32299776.00, '2023-05-18 00:00:00.000000', '2023-05-18 00:00:00.000000', false),
        (113, 158, 32367535.00, '2023-05-18 00:00:00.000000', '2023-05-18 00:00:00.000000', false),
        (114, 42, 48036977.00, '2023-05-18 00:00:00.000000', '2023-05-18 00:00:00.000000', false),
        (115, 188, 25340068.00, '2023-05-18 00:00:00.000000', '2023-05-18 00:00:00.000000', false),
        (116, 90, 75376504.00, '2023-05-18 00:00:00.000000', '2023-05-18 00:00:00.000000', false),
        (117, 134, 64157816.00, '2023-05-18 00:00:00.000000', '2023-05-18 00:00:00.000000', false),
        (118, 168, 50616697.00, '2023-05-18 00:00:00.000000', '2023-05-18 00:00:00.000000', false),
        (119, 112, 79402850.00, '2023-05-18 00:00:00.000000', '2023-05-18 00:00:00.000000', false),
        (120, 109, 92305608.00, '2023-05-18 00:00:00.000000', '2023-05-18 00:00:00.000000', false),
        (121, 7, 27861639.00, '2023-05-18 00:00:00.000000', '2023-05-18 00:00:00.000000', false),
        (122, 194, 65196804.00, '2023-05-18 00:00:00.000000', '2023-05-18 00:00:00.000000', false),
        (123, 43, 47421916.00, '2023-05-18 00:00:00.000000', '2023-05-18 00:00:00.000000', false),
        (124, 93, 58596524.00, '2023-05-18 00:00:00.000000', '2023-05-18 00:00:00.000000', false),
        (125, 206, 84145191.00, '2023-05-18 00:00:00.000000', '2023-05-18 00:00:00.000000', false),
        (126, 164, 46039623.00, '2023-05-18 00:00:00.000000', '2023-05-18 00:00:00.000000', false),
        (127, 236, 60725170.00, '2023-05-18 00:00:00.000000', '2023-05-18 00:00:00.000000', false),
        (128, 169, 86748151.00, '2023-05-18 00:00:00.000000', '2023-05-18 00:00:00.000000', false),
        (129, 88, 21748323.00, '2023-05-18 00:00:00.000000', '2023-05-18 00:00:00.000000', false),
        (130, 217, 34295825.00, '2023-05-18 00:00:00.000000', '2023-05-18 00:00:00.000000', false),
        (131, 265, 54791725.00, '2023-05-18 00:00:00.000000', '2023-05-18 00:00:00.000000', false),
        (132, 1, 53027066.00, '2023-05-18 00:00:00.000000', '2023-05-18 00:00:00.000000', false),
        (133, 69, 77964793.00, '2023-05-18 00:00:00.000000', '2023-05-18 00:00:00.000000', false),
        (134, 14, 48502175.00, '2023-05-18 00:00:00.000000', '2023-05-18 00:00:00.000000', false),
        (135, 21, 69225614.00, '2023-05-18 00:00:00.000000', '2023-05-18 00:00:00.000000', false),
        (137, 31, 83766103.00, '2023-05-18 00:00:00.000000', '2023-05-18 00:00:00.000000', false),
        (138, 205, 3281160.00, '2023-05-18 00:00:00.000000', '2023-05-18 00:00:00.000000', false),
        (139, 166, 74203649.00, '2023-05-18 00:00:00.000000', '2023-05-18 00:00:00.000000', false),
        (140, 7, 8113647.00, '2023-05-18 00:00:00.000000', '2023-05-18 00:00:00.000000', false),
        (141, 96, 73955866.00, '2023-05-18 00:00:00.000000', '2023-05-18 00:00:00.000000', false),
        (142, 107, 80898598.00, '2023-05-18 00:00:00.000000', '2023-05-18 00:00:00.000000', false),
        (143, 239, 87691862.00, '2023-05-18 00:00:00.000000', '2023-05-18 00:00:00.000000', false),
        (144, 192, 47525743.00, '2023-05-18 00:00:00.000000', '2023-05-18 00:00:00.000000', false),
        (145, 24, 80147185.00, '2023-05-18 00:00:00.000000', '2023-05-18 00:00:00.000000', false),
        (146, 45, 24450668.00, '2023-05-18 00:00:00.000000', '2023-05-18 00:00:00.000000', false),
        (147, 107, 89979219.00, '2023-05-18 00:00:00.000000', '2023-05-18 00:00:00.000000', false),
        (148, 9, 25432257.00, '2023-05-18 00:00:00.000000', '2023-05-18 00:00:00.000000', false),
        (149, 222, 60406304.00, '2023-05-18 00:00:00.000000', '2023-05-18 00:00:00.000000', false),
        (150, 151, 58156119.00, '2023-05-18 00:00:00.000000', '2023-05-18 00:00:00.000000', false),
        (151, 75, 91045235.00, '2023-05-18 00:00:00.000000', '2023-05-18 00:00:00.000000', false),
        (152, 235, 67789242.00, '2023-05-18 00:00:00.000000', '2023-05-18 00:00:00.000000', false),
        (153, 213, 91213434.00, '2023-05-18 00:00:00.000000', '2023-05-18 00:00:00.000000', false),
        (154, 236, 44896987.00, '2023-05-18 00:00:00.000000', '2023-05-18 00:00:00.000000', false),
        (155, 102, 5447869.00, '2023-05-18 00:00:00.000000', '2023-05-18 00:00:00.000000', false),
        (156, 1, 3469885.00, '2023-05-18 00:00:00.000000', '2023-05-18 00:00:00.000000', false),
        (157, 3, 58570271.00, '2023-05-18 00:00:00.000000', '2023-05-18 00:00:00.000000', false),
        (158, 107, 32314130.00, '2023-05-18 00:00:00.000000', '2023-05-18 00:00:00.000000', false),
        (159, 1, 46374335.00, '2023-05-18 00:00:00.000000', '2023-05-18 00:00:00.000000', false),
        (160, 48, 7087614.00, '2023-05-18 00:00:00.000000', '2023-05-18 00:00:00.000000', false),
        (161, 77, 40624463.00, '2023-05-18 00:00:00.000000', '2023-05-18 00:00:00.000000', false),
        (163, 105, 25202836.00, '2023-05-18 00:00:00.000000', '2023-05-18 00:00:00.000000', false),
        (164, 88, 66648425.00, '2023-05-18 00:00:00.000000', '2023-05-18 00:00:00.000000', false),
        (165, 35, 4702628.00, '2023-05-18 00:00:00.000000', '2023-05-18 00:00:00.000000', false),
        (166, 9, 79914670.00, '2023-05-18 00:00:00.000000', '2023-05-18 00:00:00.000000', false),
        (167, 227, 36483803.00, '2023-05-18 00:00:00.000000', '2023-05-18 00:00:00.000000', false),
        (168, 62, 51801658.00, '2023-05-18 00:00:00.000000', '2023-05-18 00:00:00.000000', false),
        (169, 263, 22465430.00, '2023-05-18 00:00:00.000000', '2023-05-18 00:00:00.000000', false),
        (170, 107, 11933766.00, '2023-05-18 00:00:00.000000', '2023-05-18 00:00:00.000000', false),
        (171, 94, 25141727.00, '2023-05-18 00:00:00.000000', '2023-05-18 00:00:00.000000', false),
        (172, 20, 5683590.00, '2023-05-18 00:00:00.000000', '2023-05-18 00:00:00.000000', false),
        (173, 71, 94155733.00, '2023-05-18 00:00:00.000000', '2023-05-18 00:00:00.000000', false),
        (174, 54, 96657495.00, '2023-05-18 00:00:00.000000', '2023-05-18 00:00:00.000000', false),
        (175, 107, 30064753.00, '2023-05-18 00:00:00.000000', '2023-05-18 00:00:00.000000', false),
        (176, 8, 72107807.00, '2023-05-18 00:00:00.000000', '2023-05-18 00:00:00.000000', false),
        (177, 92, 47913766.00, '2023-05-18 00:00:00.000000', '2023-05-18 00:00:00.000000', false),
        (178, 10, 12071509.00, '2023-05-18 00:00:00.000000', '2023-05-18 00:00:00.000000', false),
        (179, 31, 34723151.00, '2023-05-18 00:00:00.000000', '2023-05-18 00:00:00.000000', false),
        (180, 34, 44972187.00, '2023-05-18 00:00:00.000000', '2023-05-18 00:00:00.000000', false),
        (181, 8, 26334118.00, '2023-05-18 00:00:00.000000', '2023-05-18 00:00:00.000000', false),
        (182, 59, 56575327.00, '2023-05-18 00:00:00.000000', '2023-05-18 00:00:00.000000', false),
        (183, 75, 13228774.00, '2023-05-18 00:00:00.000000', '2023-05-18 00:00:00.000000', false),
        (184, 13, 72390780.00, '2023-05-18 00:00:00.000000', '2023-05-18 00:00:00.000000', false),
        (185, 15, 19876597.00, '2023-05-18 00:00:00.000000', '2023-05-18 00:00:00.000000', false),
        (186, 43, 11441241.00, '2023-05-18 00:00:00.000000', '2023-05-18 00:00:00.000000', false),
        (187, 29, 59647521.00, '2023-05-18 00:00:00.000000', '2023-05-18 00:00:00.000000', false),
        (188, 73, 63570826.00, '2023-05-18 00:00:00.000000', '2023-05-18 00:00:00.000000', false),
        (189, 90, 57836614.00, '2023-05-18 00:00:00.000000', '2023-05-18 00:00:00.000000', false),
        (190, 8, 64163657.00, '2023-05-18 00:00:00.000000', '2023-05-18 00:00:00.000000', false),
        (191, 100, 63299729.00, '2023-05-18 00:00:00.000000', '2023-05-18 00:00:00.000000', false),
        (192, 12, 23465332.00, '2023-05-18 00:00:00.000000', '2023-05-18 00:00:00.000000', false),
        (193, 73, 6794891.00, '2023-05-18 00:00:00.000000', '2023-05-18 00:00:00.000000', false),
        (194, 40, 16240726.00, '2023-05-18 00:00:00.000000', '2023-05-18 00:00:00.000000', false),
        (195, 61, 30712377.00, '2023-05-18 00:00:00.000000', '2023-05-18 00:00:00.000000', false),
        (196, 6, 46635525.00, '2023-05-18 00:00:00.000000', '2023-05-18 00:00:00.000000', false),
        (197, 96, 97190421.00, '2023-05-18 00:00:00.000000', '2023-05-18 00:00:00.000000', false),
        (198, 82, 92263768.00, '2023-05-18 00:00:00.000000', '2023-05-18 00:00:00.000000', false),
        (199, 85, 69212500.00, '2023-05-18 00:00:00.000000', '2023-05-18 00:00:00.000000', false),
        (200, 77, 14261089.00, '2023-05-18 00:00:00.000000', '2023-05-18 00:00:00.000000', false),
        (202, 94, 74058133.00, '2023-05-18 00:00:00.000000', '2023-05-18 00:00:00.000000', false),
        (204, 29, 77244637.00, '2023-05-18 00:00:00.000000', '2023-05-18 00:00:00.000000', false),
        (206, 225, 90389294.00, '2023-05-18 00:00:00.000000', '2023-05-18 00:00:00.000000', false),
        (207, 22, 46139590.00, '2023-05-18 00:00:00.000000', '2023-05-18 00:00:00.000000', false),
        (208, 18, 21091995.00, '2023-05-18 00:00:00.000000', '2023-05-18 00:00:00.000000', false),
        (209, 248, 2312527.00, '2023-05-18 00:00:00.000000', '2023-05-18 00:00:00.000000', false),
        (210, 104, 34501075.00, '2023-05-18 00:00:00.000000', '2023-05-18 00:00:00.000000', false),
        (211, 66, 27995308.00, '2023-05-18 00:00:00.000000', '2023-05-18 00:00:00.000000', false),
        (212, 100, 64855541.00, '2023-05-18 00:00:00.000000', '2023-05-18 00:00:00.000000', false),
        (213, 33, 82079309.00, '2023-05-18 00:00:00.000000', '2023-05-18 00:00:00.000000', false),
        (214, 27, 49187198.00, '2023-05-18 00:00:00.000000', '2023-05-18 00:00:00.000000', false),
        (215, 35, 94733518.00, '2023-05-18 00:00:00.000000', '2023-05-18 00:00:00.000000', false),
        (216, 56, 45154524.00, '2023-05-18 00:00:00.000000', '2023-05-18 00:00:00.000000', false),
        (217, 6, 55175083.00, '2023-05-18 00:00:00.000000', '2023-05-18 00:00:00.000000', false),
        (218, 178, 62450864.00, '2023-05-18 00:00:00.000000', '2023-05-18 00:00:00.000000', false),
        (219, 151, 54803232.00, '2023-05-18 00:00:00.000000', '2023-05-18 00:00:00.000000', false),
        (220, 162, 42944777.00, '2023-05-18 00:00:00.000000', '2023-05-18 00:00:00.000000', false),
        (221, 159, 52990023.00, '2023-05-18 00:00:00.000000', '2023-05-18 00:00:00.000000', false),
        (222, 103, 28440684.00, '2023-05-18 00:00:00.000000', '2023-05-18 00:00:00.000000', false),
        (223, 148, 45901711.00, '2023-05-18 00:00:00.000000', '2023-05-18 00:00:00.000000', false),
        (224, 180, 15732542.00, '2023-05-18 00:00:00.000000', '2023-05-18 00:00:00.000000', false),
        (225, 12, 88423521.00, '2023-05-18 00:00:00.000000', '2023-05-18 00:00:00.000000', false),
        (226, 197, 94295581.00, '2023-05-18 00:00:00.000000', '2023-05-18 00:00:00.000000', false),
        (227, 145, 5880778.00, '2023-05-18 00:00:00.000000', '2023-05-18 00:00:00.000000', false),
        (228, 111, 36857869.00, '2023-05-18 00:00:00.000000', '2023-05-18 00:00:00.000000', false),
        (229, 128, 5502886.00, '2023-05-18 00:00:00.000000', '2023-05-18 00:00:00.000000', false),
        (230, 129, 86541153.00, '2023-05-18 00:00:00.000000', '2023-05-18 00:00:00.000000', false);

insert into public.deals (deal_id, owner_person_id, owner_company_id, buyer_company_id, amount, manager_id, fee, created, changed, is_deleted, owner_client_type, buyer_client_type, buyer_person_id, deal_type_id, rent_id, sale_id, deal_date)
values  (1, 1, null, 1, 12965000.00, 1, 2500.00, '2023-05-13 16:39:36.342047', '2023-05-13 16:43:54.837868', false, 'PERSON', 'COMPANY', null, 1, null, 1, '2022-08-22 10:27:38.000000'),
        (4, 3, null, null, 15874200.00, 2, 1500.00, '2023-05-17 16:02:28.000000', '2023-05-17 16:01:44.000000', false, 'PERSON', 'PERSON', 2, 1, null, 4, '2023-05-17 15:59:04.000000'),
        (5, 4, null, null, 145000.00, 3, 700.00, '2023-05-17 16:02:28.000000', '2023-05-17 16:01:44.000000', false, 'PERSON', 'PERSON', 1, 1, null, 5, '2023-05-23 15:59:04.000000'),
        (7, null, 2, null, 14896000.00, 5, 3000.00, '2023-05-17 16:02:28.000000', '2023-05-17 16:01:44.000000', false, 'COMPANY', 'PERSON', 5, 2, 2, null, '2023-03-17 15:59:04.000000'),
        (8, 1, null, 3, 1700056.00, 8, 1580.00, '2023-05-17 16:02:28.000000', '2023-05-17 16:01:44.000000', false, 'PERSON', 'COMPANY', null, 2, 3, null, '2023-03-17 15:59:04.000000'),
        (6, null, 4, 2, 850000.00, 4, 1600.00, '2023-05-17 16:02:28.000000', '2023-05-17 16:01:44.000000', false, 'COMPANY', 'COMPANY', null, 2, 1, null, '2023-05-02 15:59:04.000000'),
        (9, 24, null, null, 15863740.00, 35, 14848.00, '2023-05-19 00:00:00.000000', '2023-05-19 00:00:00.000000', false, 'PERSON', 'PERSON', 1, 2, 75, null, '2023-03-15 19:01:29.000000'),
        (10, 22, null, null, 12531308.00, 3, 6358.00, '2023-05-19 00:00:00.000000', '2023-05-19 00:00:00.000000', false, 'PERSON', 'PERSON', 42, 2, 19, null, '2022-10-21 00:13:30.000000'),
        (11, 11, null, null, 1736933.00, 51, 1474.00, '2023-05-19 00:00:00.000000', '2023-05-19 00:00:00.000000', false, 'PERSON', 'PERSON', 43, 2, 62, null, '2022-12-07 15:11:47.000000'),
        (12, 32, null, null, 16531783.00, 2, 6408.00, '2023-05-19 00:00:00.000000', '2023-05-19 00:00:00.000000', false, 'PERSON', 'PERSON', 36, 2, 20, null, '2023-04-01 19:16:21.000000'),
        (13, 38, null, null, 89205690.00, 19, 3920.00, '2023-05-19 00:00:00.000000', '2023-05-19 00:00:00.000000', false, 'PERSON', 'PERSON', 29, 2, 19, null, '2022-09-20 16:35:30.000000'),
        (14, 22, null, null, 82349192.00, 20, 5665.00, '2023-05-19 00:00:00.000000', '2023-05-19 00:00:00.000000', false, 'PERSON', 'PERSON', 38, 2, 45, null, '2022-11-13 13:56:50.000000'),
        (15, 51, null, null, 66539138.00, 29, 793.00, '2023-05-19 00:00:00.000000', '2023-05-19 00:00:00.000000', false, 'PERSON', 'PERSON', 32, 2, 76, null, '2023-04-01 21:22:22.000000'),
        (16, 14, null, null, 47066804.00, 26, 740.00, '2023-05-19 00:00:00.000000', '2023-05-19 00:00:00.000000', false, 'PERSON', 'PERSON', 11, 2, 15, null, '2022-12-20 23:27:57.000000'),
        (17, 48, null, null, 1343183.00, 50, 9403.00, '2023-05-19 00:00:00.000000', '2023-05-19 00:00:00.000000', false, 'PERSON', 'PERSON', 22, 2, 23, null, '2023-02-21 07:51:24.000000'),
        (18, 29, null, null, 65695838.00, 56, 2216.00, '2023-05-19 00:00:00.000000', '2023-05-19 00:00:00.000000', false, 'PERSON', 'PERSON', 55, 2, 69, null, '2022-11-29 12:18:01.000000'),
        (19, 7, null, null, 71694052.00, 40, 12647.00, '2023-05-19 00:00:00.000000', '2023-05-19 00:00:00.000000', false, 'PERSON', 'PERSON', 55, 2, 43, null, '2023-01-03 06:19:13.000000'),
        (20, 6, null, null, 19428949.00, 23, 14550.00, '2023-05-19 00:00:00.000000', '2023-05-19 00:00:00.000000', false, 'PERSON', 'PERSON', 50, 2, 11, null, '2022-11-17 14:52:14.000000'),
        (21, 22, null, null, 613021.00, 12, 6193.00, '2023-05-19 00:00:00.000000', '2023-05-19 00:00:00.000000', false, 'PERSON', 'PERSON', 3, 2, 52, null, '2022-11-08 13:30:31.000000'),
        (22, 20, null, null, 72656696.00, 39, 5835.00, '2023-05-19 00:00:00.000000', '2023-05-19 00:00:00.000000', false, 'PERSON', 'PERSON', 35, 2, 70, null, '2023-05-14 22:41:19.000000'),
        (23, 51, null, null, 96074466.00, 21, 10861.00, '2023-05-19 00:00:00.000000', '2023-05-19 00:00:00.000000', false, 'PERSON', 'PERSON', 9, 2, 37, null, '2022-11-18 19:36:58.000000'),
        (24, 53, null, null, 58507267.00, 1, 11204.00, '2023-05-19 00:00:00.000000', '2023-05-19 00:00:00.000000', false, 'PERSON', 'PERSON', 8, 2, 36, null, '2022-05-27 13:30:02.000000'),
        (25, 51, null, null, 24331821.00, 14, 10130.00, '2023-05-19 00:00:00.000000', '2023-05-19 00:00:00.000000', false, 'PERSON', 'PERSON', 17, 2, 73, null, '2023-01-26 17:18:08.000000'),
        (26, 39, null, null, 64519585.00, 28, 8090.00, '2023-05-19 00:00:00.000000', '2023-05-19 00:00:00.000000', false, 'PERSON', 'PERSON', 24, 2, 72, null, '2023-01-27 01:11:06.000000'),
        (27, 43, null, null, 19703614.00, 16, 12856.00, '2023-05-19 00:00:00.000000', '2023-05-19 00:00:00.000000', false, 'PERSON', 'PERSON', 16, 2, 71, null, '2022-12-02 07:21:55.000000'),
        (30, 16, null, null, 44754035.00, 8, 8860.00, '2023-05-19 00:00:00.000000', '2023-05-19 00:00:00.000000', false, 'PERSON', 'PERSON', 23, 2, 14, null, '2023-04-27 02:00:26.000000'),
        (31, 20, null, null, 42769969.00, 3, 12764.00, '2023-05-19 00:00:00.000000', '2023-05-19 00:00:00.000000', false, 'PERSON', 'PERSON', 11, 2, 4, null, '2023-02-24 11:45:10.000000'),
        (32, 41, null, null, 55877503.00, 5, 1420.00, '2023-05-19 00:00:00.000000', '2023-05-19 00:00:00.000000', false, 'PERSON', 'PERSON', 36, 2, 43, null, '2023-03-16 16:36:07.000000'),
        (33, 45, null, null, 38272803.00, 21, 13625.00, '2023-05-19 00:00:00.000000', '2023-05-19 00:00:00.000000', false, 'PERSON', 'PERSON', 14, 2, 12, null, '2022-09-26 06:37:43.000000'),
        (34, 53, null, null, 75481809.00, 11, 8802.00, '2023-05-19 00:00:00.000000', '2023-05-19 00:00:00.000000', false, 'PERSON', 'PERSON', 48, 2, 6, null, '2022-12-20 17:47:59.000000'),
        (35, 47, null, null, 39163716.00, 5, 14213.00, '2023-05-19 00:00:00.000000', '2023-05-19 00:00:00.000000', false, 'PERSON', 'PERSON', 12, 2, 59, null, '2022-10-24 08:28:15.000000'),
        (36, 2, null, null, 617021.00, 19, 1821.00, '2023-05-19 00:00:00.000000', '2023-05-19 00:00:00.000000', false, 'PERSON', 'PERSON', 53, 2, 43, null, '2023-05-03 15:08:52.000000'),
        (37, 25, null, null, 8490097.00, 16, 2091.00, '2023-05-19 00:00:00.000000', '2023-05-19 00:00:00.000000', false, 'PERSON', 'PERSON', 28, 2, 12, null, '2022-09-08 12:21:25.000000'),
        (38, 38, null, null, 56641512.00, 1, 5646.00, '2023-05-19 00:00:00.000000', '2023-05-19 00:00:00.000000', false, 'PERSON', 'PERSON', 23, 2, 36, null, '2022-11-28 16:22:21.000000'),
        (40, 3, null, null, 97006434.00, 3, 11551.00, '2023-05-19 00:00:00.000000', '2023-05-19 00:00:00.000000', false, 'PERSON', 'PERSON', 31, 2, 58, null, '2023-01-09 11:46:42.000000'),
        (41, 44, null, null, 6335159.00, 42, 10546.00, '2023-05-19 00:00:00.000000', '2023-05-19 00:00:00.000000', false, 'PERSON', 'PERSON', 35, 2, 3, null, '2022-06-28 14:52:55.000000'),
        (42, 35, null, null, 17192870.00, 30, 8570.00, '2023-05-19 00:00:00.000000', '2023-05-19 00:00:00.000000', false, 'PERSON', 'PERSON', 12, 2, 38, null, '2022-08-23 17:32:54.000000'),
        (43, 1, null, null, 48698594.00, 17, 1726.00, '2023-05-19 00:00:00.000000', '2023-05-19 00:00:00.000000', false, 'PERSON', 'PERSON', 35, 2, 38, null, '2022-08-23 02:46:43.000000'),
        (44, 54, null, null, 41472398.00, 28, 10130.00, '2023-05-19 00:00:00.000000', '2023-05-19 00:00:00.000000', false, 'PERSON', 'PERSON', 44, 2, 14, null, '2022-09-18 03:40:45.000000'),
        (45, 43, null, null, 93520612.00, 50, 3365.00, '2023-05-19 00:00:00.000000', '2023-05-19 00:00:00.000000', false, 'PERSON', 'PERSON', 40, 2, 72, null, '2022-05-28 06:18:50.000000'),
        (46, 23, null, null, 70554395.00, 31, 12681.00, '2023-05-19 00:00:00.000000', '2023-05-19 00:00:00.000000', false, 'PERSON', 'PERSON', 51, 2, 3, null, '2022-06-06 04:18:45.000000'),
        (47, 17, null, null, 17118145.00, 33, 3040.00, '2023-05-19 00:00:00.000000', '2023-05-19 00:00:00.000000', false, 'PERSON', 'PERSON', 46, 2, 67, null, '2022-06-26 09:07:48.000000'),
        (48, 35, null, null, 72885039.00, 46, 3215.00, '2023-05-19 00:00:00.000000', '2023-05-19 00:00:00.000000', false, 'PERSON', 'PERSON', 3, 2, 66, null, '2022-07-03 08:01:08.000000'),
        (49, 44, null, null, 61954184.00, 19, 10993.00, '2023-05-19 00:00:00.000000', '2023-05-19 00:00:00.000000', false, 'PERSON', 'PERSON', 54, 2, 27, null, '2022-08-05 07:08:10.000000'),
        (50, 33, null, null, 17903103.00, 26, 746.00, '2023-05-19 00:00:00.000000', '2023-05-19 00:00:00.000000', false, 'PERSON', 'PERSON', 7, 2, 1, null, '2023-01-01 02:43:28.000000'),
        (51, 10, null, null, 65056555.00, 47, 1184.00, '2023-05-19 00:00:00.000000', '2023-05-19 00:00:00.000000', false, 'PERSON', 'PERSON', 31, 2, 18, null, '2023-03-31 01:17:55.000000'),
        (52, 11, null, null, 59664275.00, 50, 5883.00, '2023-05-19 00:00:00.000000', '2023-05-19 00:00:00.000000', false, 'PERSON', 'PERSON', 16, 2, 19, null, '2022-06-04 08:00:14.000000'),
        (53, 55, null, null, 1330589.00, 29, 12393.00, '2023-05-19 00:00:00.000000', '2023-05-19 00:00:00.000000', false, 'PERSON', 'PERSON', 18, 2, 70, null, '2022-09-14 13:47:42.000000'),
        (54, 4, null, null, 86781661.00, 26, 14757.00, '2023-05-19 00:00:00.000000', '2023-05-19 00:00:00.000000', false, 'PERSON', 'PERSON', 21, 2, 75, null, '2023-03-11 21:56:29.000000'),
        (55, 5, null, null, 7100041.00, 14, 9601.00, '2023-05-19 00:00:00.000000', '2023-05-19 00:00:00.000000', false, 'PERSON', 'PERSON', 24, 2, 55, null, '2022-10-03 00:14:36.000000'),
        (56, 17, null, null, 78513020.00, 18, 6217.00, '2023-05-19 00:00:00.000000', '2023-05-19 00:00:00.000000', false, 'PERSON', 'PERSON', 21, 2, 71, null, '2022-08-09 09:41:35.000000'),
        (57, 30, null, null, 65038956.00, 14, 7918.00, '2023-05-19 00:00:00.000000', '2023-05-19 00:00:00.000000', false, 'PERSON', 'PERSON', 44, 2, 50, null, '2022-05-27 02:37:15.000000'),
        (58, 33, null, null, 62328226.00, 5, 10329.00, '2023-05-19 00:00:00.000000', '2023-05-19 00:00:00.000000', false, 'PERSON', 'PERSON', 26, 2, 65, null, '2023-02-01 10:27:42.000000'),
        (59, 42, null, null, 36288410.00, 26, 13470.00, '2023-05-19 00:00:00.000000', '2023-05-19 00:00:00.000000', false, 'PERSON', 'PERSON', 37, 2, 60, null, '2023-03-02 00:54:22.000000'),
        (61, 16, null, null, 83955716.00, 55, 10750.00, '2023-05-19 00:00:00.000000', '2023-05-19 00:00:00.000000', false, 'PERSON', 'PERSON', 31, 2, 2, null, '2022-08-24 00:24:31.000000'),
        (62, 18, null, null, 84722995.00, 13, 4087.00, '2023-05-19 00:00:00.000000', '2023-05-19 00:00:00.000000', false, 'PERSON', 'PERSON', 17, 2, 1, null, '2022-06-24 22:23:09.000000'),
        (63, 33, null, null, 46250983.00, 33, 12800.00, '2023-05-19 00:00:00.000000', '2023-05-19 00:00:00.000000', false, 'PERSON', 'PERSON', 26, 1, null, 31, '2022-11-01 20:36:53.000000'),
        (65, 26, null, null, 34021049.00, 22, 6755.00, '2023-05-19 00:00:00.000000', '2023-05-19 00:00:00.000000', false, 'PERSON', 'PERSON', 34, 1, null, 12, '2022-12-05 11:52:16.000000'),
        (66, 39, null, null, 47216642.00, 10, 11471.00, '2023-05-19 00:00:00.000000', '2023-05-19 00:00:00.000000', false, 'PERSON', 'PERSON', 29, 1, null, 75, '2023-01-02 14:06:23.000000'),
        (67, 1, null, null, 18136898.00, 4, 5409.00, '2023-05-19 00:00:00.000000', '2023-05-19 00:00:00.000000', false, 'PERSON', 'PERSON', 41, 1, null, 76, '2022-07-25 09:03:33.000000'),
        (68, 55, null, null, 69901249.00, 25, 4138.00, '2023-05-19 00:00:00.000000', '2023-05-19 00:00:00.000000', false, 'PERSON', 'PERSON', 4, 1, null, 43, '2023-04-09 12:48:01.000000'),
        (69, 34, null, null, 22723293.00, 44, 14532.00, '2023-05-19 00:00:00.000000', '2023-05-19 00:00:00.000000', false, 'PERSON', 'PERSON', 51, 1, null, 73, '2023-02-22 12:52:17.000000'),
        (70, 8, null, null, 13962520.00, 24, 1344.00, '2023-05-19 00:00:00.000000', '2023-05-19 00:00:00.000000', false, 'PERSON', 'PERSON', 24, 1, null, 55, '2022-06-24 13:28:01.000000'),
        (71, 37, null, null, 75551058.00, 29, 3540.00, '2023-05-19 00:00:00.000000', '2023-05-19 00:00:00.000000', false, 'PERSON', 'PERSON', 50, 1, null, 24, '2022-08-02 03:42:03.000000'),
        (72, 1, null, null, 88621435.00, 36, 4340.00, '2023-05-19 00:00:00.000000', '2023-05-19 00:00:00.000000', false, 'PERSON', 'PERSON', 44, 1, null, 53, '2023-02-18 10:11:32.000000'),
        (73, 34, null, null, 53027868.00, 5, 1559.00, '2023-05-19 00:00:00.000000', '2023-05-19 00:00:00.000000', false, 'PERSON', 'PERSON', 1, 1, null, 23, '2023-02-23 10:39:25.000000'),
        (74, 40, null, null, 30904665.00, 6, 7501.00, '2023-05-19 00:00:00.000000', '2023-05-19 00:00:00.000000', false, 'PERSON', 'PERSON', 1, 1, null, 46, '2022-06-08 01:30:03.000000'),
        (75, 27, null, null, 24722945.00, 42, 5085.00, '2023-05-19 00:00:00.000000', '2023-05-19 00:00:00.000000', false, 'PERSON', 'PERSON', 17, 1, null, 37, '2023-05-14 10:06:18.000000'),
        (76, 11, null, null, 54661733.00, 19, 3047.00, '2023-05-19 00:00:00.000000', '2023-05-19 00:00:00.000000', false, 'PERSON', 'PERSON', 31, 1, null, 57, '2022-10-20 07:54:49.000000'),
        (77, 8, null, null, 86347478.00, 25, 12083.00, '2023-05-19 00:00:00.000000', '2023-05-19 00:00:00.000000', false, 'PERSON', 'PERSON', 35, 1, null, 37, '2022-12-24 21:48:16.000000'),
        (78, 5, null, null, 80352010.00, 35, 774.00, '2023-05-19 00:00:00.000000', '2023-05-19 00:00:00.000000', false, 'PERSON', 'PERSON', 52, 1, null, 11, '2022-05-31 12:21:22.000000'),
        (79, 11, null, null, 18435927.00, 27, 6178.00, '2023-05-19 00:00:00.000000', '2023-05-19 00:00:00.000000', false, 'PERSON', 'PERSON', 41, 1, null, 35, '2022-12-15 19:46:22.000000'),
        (80, 43, null, null, 97606179.00, 8, 8708.00, '2023-05-19 00:00:00.000000', '2023-05-19 00:00:00.000000', false, 'PERSON', 'PERSON', 9, 1, null, 40, '2022-05-26 20:03:28.000000'),
        (81, 53, null, null, 66750540.00, 1, 5145.00, '2023-05-19 00:00:00.000000', '2023-05-19 00:00:00.000000', false, 'PERSON', 'PERSON', 37, 1, null, 8, '2023-02-24 05:10:12.000000'),
        (82, 12, null, null, 34543327.00, 11, 12152.00, '2023-05-19 00:00:00.000000', '2023-05-19 00:00:00.000000', false, 'PERSON', 'PERSON', 6, 1, null, 33, '2022-10-11 20:32:56.000000'),
        (83, 48, null, null, 17775348.00, 40, 14660.00, '2023-05-19 00:00:00.000000', '2023-05-19 00:00:00.000000', false, 'PERSON', 'PERSON', 22, 1, null, 39, '2022-07-05 14:52:15.000000'),
        (84, 40, null, null, 53019224.00, 15, 5373.00, '2023-05-19 00:00:00.000000', '2023-05-19 00:00:00.000000', false, 'PERSON', 'PERSON', 48, 1, null, 47, '2022-05-19 11:39:29.000000'),
        (85, 46, null, null, 18477771.00, 9, 3235.00, '2023-05-19 00:00:00.000000', '2023-05-19 00:00:00.000000', false, 'PERSON', 'PERSON', 29, 1, null, 30, '2022-08-07 03:21:43.000000'),
        (86, 12, null, null, 84760517.00, 3, 10538.00, '2023-05-19 00:00:00.000000', '2023-05-19 00:00:00.000000', false, 'PERSON', 'PERSON', 23, 1, null, 33, '2023-03-01 18:43:21.000000'),
        (87, 18, null, null, 10093097.00, 24, 951.00, '2023-05-19 00:00:00.000000', '2023-05-19 00:00:00.000000', false, 'PERSON', 'PERSON', 11, 1, null, 70, '2022-11-24 10:07:13.000000'),
        (88, 48, null, null, 89192783.00, 2, 14322.00, '2023-05-19 00:00:00.000000', '2023-05-19 00:00:00.000000', false, 'PERSON', 'PERSON', 23, 1, null, 39, '2022-06-09 20:47:11.000000'),
        (89, 40, null, null, 1069116.00, 26, 14036.00, '2023-05-19 00:00:00.000000', '2023-05-19 00:00:00.000000', false, 'PERSON', 'PERSON', 24, 1, null, 14, '2022-12-03 13:17:29.000000'),
        (90, 11, null, null, 77970490.00, 10, 8041.00, '2023-05-19 00:00:00.000000', '2023-05-19 00:00:00.000000', false, 'PERSON', 'PERSON', 3, 1, null, 42, '2023-03-07 14:03:18.000000'),
        (91, 16, null, null, 48476768.00, 44, 3514.00, '2023-05-19 00:00:00.000000', '2023-05-19 00:00:00.000000', false, 'PERSON', 'PERSON', 35, 1, null, 24, '2023-05-16 00:40:46.000000'),
        (92, 14, null, null, 21520253.00, 14, 12266.00, '2023-05-19 00:00:00.000000', '2023-05-19 00:00:00.000000', false, 'PERSON', 'PERSON', 2, 1, null, 68, '2022-08-09 22:27:30.000000'),
        (93, 8, null, null, 93507213.00, 28, 9850.00, '2023-05-19 00:00:00.000000', '2023-05-19 00:00:00.000000', false, 'PERSON', 'PERSON', 5, 1, null, 26, '2023-01-19 20:21:17.000000'),
        (94, 46, null, null, 99346470.00, 24, 13272.00, '2023-05-19 00:00:00.000000', '2023-05-19 00:00:00.000000', false, 'PERSON', 'PERSON', 4, 1, null, 61, '2023-02-10 05:00:43.000000'),
        (95, 38, null, null, 36108070.00, 26, 13512.00, '2023-05-19 00:00:00.000000', '2023-05-19 00:00:00.000000', false, 'PERSON', 'PERSON', 3, 1, null, 6, '2023-02-28 07:59:09.000000'),
        (96, 29, null, null, 7688182.00, 36, 13150.00, '2023-05-19 00:00:00.000000', '2023-05-19 00:00:00.000000', false, 'PERSON', 'PERSON', 48, 1, null, 73, '2022-07-01 03:22:16.000000'),
        (97, 22, null, null, 91024982.00, 37, 9854.00, '2023-05-19 00:00:00.000000', '2023-05-19 00:00:00.000000', false, 'PERSON', 'PERSON', 44, 1, null, 36, '2022-08-05 07:52:20.000000'),
        (98, 19, null, null, 82576895.00, 29, 13687.00, '2023-05-19 00:00:00.000000', '2023-05-19 00:00:00.000000', false, 'PERSON', 'PERSON', 2, 1, null, 39, '2023-03-13 23:43:24.000000'),
        (99, 53, null, null, 84962468.00, 15, 6253.00, '2023-05-19 00:00:00.000000', '2023-05-19 00:00:00.000000', false, 'PERSON', 'PERSON', 5, 1, null, 4, '2023-03-30 18:12:51.000000'),
        (100, 9, null, null, 38883660.00, 29, 11719.00, '2023-05-19 00:00:00.000000', '2023-05-19 00:00:00.000000', false, 'PERSON', 'PERSON', 35, 1, null, 73, '2023-03-23 22:54:00.000000'),
        (101, 39, null, null, 49931013.00, 32, 11523.00, '2023-05-19 00:00:00.000000', '2023-05-19 00:00:00.000000', false, 'PERSON', 'PERSON', 4, 1, null, 71, '2022-07-02 02:12:56.000000'),
        (102, 10, null, null, 19379302.00, 2, 2396.00, '2023-05-19 00:00:00.000000', '2023-05-19 00:00:00.000000', false, 'PERSON', 'PERSON', 16, 1, null, 12, '2022-06-22 07:30:48.000000'),
        (103, 29, null, null, 12694895.00, 37, 14105.00, '2023-05-19 00:00:00.000000', '2023-05-19 00:00:00.000000', false, 'PERSON', 'PERSON', 4, 1, null, 49, '2022-09-09 02:01:35.000000'),
        (104, 15, null, null, 81694669.00, 10, 13288.00, '2023-05-19 00:00:00.000000', '2023-05-19 00:00:00.000000', false, 'PERSON', 'PERSON', 20, 1, null, 64, '2023-03-18 04:11:19.000000'),
        (105, 3, null, null, 74321347.00, 43, 1511.00, '2023-05-19 00:00:00.000000', '2023-05-19 00:00:00.000000', false, 'PERSON', 'PERSON', 47, 1, null, 63, '2022-06-16 03:02:01.000000'),
        (106, 9, null, null, 53476369.00, 16, 6673.00, '2023-05-19 00:00:00.000000', '2023-05-19 00:00:00.000000', false, 'PERSON', 'PERSON', 27, 1, null, 15, '2022-06-26 05:08:39.000000'),
        (107, 33, null, null, 57261827.00, 25, 10269.00, '2023-05-19 00:00:00.000000', '2023-05-19 00:00:00.000000', false, 'PERSON', 'PERSON', 23, 1, null, 37, '2022-06-08 03:32:40.000000'),
        (108, 49, null, null, 9551090.00, 34, 2607.00, '2023-05-19 00:00:00.000000', '2023-05-19 00:00:00.000000', false, 'PERSON', 'PERSON', 55, 1, null, 61, '2023-04-24 06:43:23.000000'),
        (109, 33, null, null, 47866402.00, 48, 1490.00, '2023-05-19 00:00:00.000000', '2023-05-19 00:00:00.000000', false, 'PERSON', 'PERSON', 40, 1, null, 11, '2023-05-12 07:04:18.000000'),
        (110, 47, null, null, 99685813.00, 40, 3021.00, '2023-05-19 00:00:00.000000', '2023-05-19 00:00:00.000000', false, 'PERSON', 'PERSON', 24, 1, null, 24, '2023-05-16 03:35:54.000000'),
        (111, 3, null, null, 88009608.00, 47, 3611.00, '2023-05-19 00:00:00.000000', '2023-05-19 00:00:00.000000', false, 'PERSON', 'PERSON', 12, 1, null, 36, '2022-10-12 01:17:58.000000'),
        (112, 25, null, null, 51363374.00, 12, 14228.00, '2023-05-19 00:00:00.000000', '2023-05-19 00:00:00.000000', false, 'PERSON', 'PERSON', 20, 1, null, 1, '2022-10-10 02:12:52.000000'),
        (113, 17, null, null, 27823400.00, 44, 7535.00, '2023-05-19 00:00:00.000000', '2023-05-19 00:00:00.000000', false, 'PERSON', 'PERSON', 42, 1, null, 18, '2023-01-21 17:19:55.000000'),
        (114, 2, null, 20, 27683360.00, 16, 6215.00, '2023-05-19 00:00:00.000000', '2023-05-19 00:00:00.000000', false, 'PERSON', 'COMPANY', null, 1, null, 26, '2023-01-03 04:26:15.000000'),
        (115, 32, null, 50, 51366696.00, 46, 13397.00, '2023-05-19 00:00:00.000000', '2023-05-19 00:00:00.000000', false, 'PERSON', 'COMPANY', null, 1, null, 59, '2022-09-05 15:01:01.000000'),
        (116, 41, null, 27, 7511624.00, 48, 6861.00, '2023-05-19 00:00:00.000000', '2023-05-19 00:00:00.000000', false, 'PERSON', 'COMPANY', null, 1, null, 42, '2023-05-10 11:32:26.000000'),
        (117, 31, null, 18, 47695201.00, 25, 7418.00, '2023-05-19 00:00:00.000000', '2023-05-19 00:00:00.000000', false, 'PERSON', 'COMPANY', null, 1, null, 12, '2022-05-27 02:23:39.000000'),
        (118, 25, null, 17, 16129285.00, 47, 4753.00, '2023-05-19 00:00:00.000000', '2023-05-19 00:00:00.000000', false, 'PERSON', 'COMPANY', null, 1, null, 40, '2022-06-19 05:26:09.000000'),
        (119, 7, null, 37, 96160851.00, 2, 12726.00, '2023-05-19 00:00:00.000000', '2023-05-19 00:00:00.000000', false, 'PERSON', 'COMPANY', null, 1, null, 15, '2023-01-02 10:49:48.000000'),
        (120, 41, null, 12, 35634731.00, 46, 11753.00, '2023-05-19 00:00:00.000000', '2023-05-19 00:00:00.000000', false, 'PERSON', 'COMPANY', null, 1, null, 78, '2022-06-12 01:51:53.000000'),
        (121, 2, null, 39, 42245015.00, 14, 14335.00, '2023-05-19 00:00:00.000000', '2023-05-19 00:00:00.000000', false, 'PERSON', 'COMPANY', null, 1, null, 55, '2022-09-15 03:18:30.000000'),
        (122, 52, null, 53, 27437928.00, 19, 10690.00, '2023-05-19 00:00:00.000000', '2023-05-19 00:00:00.000000', false, 'PERSON', 'COMPANY', null, 1, null, 8, '2022-07-02 07:15:41.000000'),
        (123, 39, null, 32, 4392441.00, 49, 1493.00, '2023-05-19 00:00:00.000000', '2023-05-19 00:00:00.000000', false, 'PERSON', 'COMPANY', null, 1, null, 13, '2022-07-07 22:44:03.000000'),
        (124, 23, null, 54, 36214003.00, 7, 11801.00, '2023-05-19 00:00:00.000000', '2023-05-19 00:00:00.000000', false, 'PERSON', 'COMPANY', null, 1, null, 28, '2022-08-01 14:23:09.000000'),
        (125, 25, null, 34, 12195865.00, 39, 11432.00, '2023-05-19 00:00:00.000000', '2023-05-19 00:00:00.000000', false, 'PERSON', 'COMPANY', null, 1, null, 68, '2023-02-05 00:19:08.000000'),
        (126, 40, null, 11, 65102820.00, 17, 7328.00, '2023-05-19 00:00:00.000000', '2023-05-19 00:00:00.000000', false, 'PERSON', 'COMPANY', null, 1, null, 55, '2023-03-29 22:55:52.000000'),
        (127, 29, null, 6, 4279394.00, 29, 9532.00, '2023-05-19 00:00:00.000000', '2023-05-19 00:00:00.000000', false, 'PERSON', 'COMPANY', null, 1, null, 43, '2022-12-16 12:31:51.000000'),
        (128, 1, null, 16, 68009915.00, 31, 14075.00, '2023-05-19 00:00:00.000000', '2023-05-19 00:00:00.000000', false, 'PERSON', 'COMPANY', null, 1, null, 11, '2023-02-05 21:51:40.000000'),
        (129, 31, null, 27, 34282735.00, 19, 7124.00, '2023-05-19 00:00:00.000000', '2023-05-19 00:00:00.000000', false, 'PERSON', 'COMPANY', null, 2, 60, null, '2022-08-30 14:11:50.000000'),
        (130, 12, null, 26, 76463599.00, 48, 1750.00, '2023-05-19 00:00:00.000000', '2023-05-19 00:00:00.000000', false, 'PERSON', 'COMPANY', null, 2, 24, null, '2022-11-14 22:45:01.000000'),
        (131, 52, null, 25, 37948190.00, 43, 3139.00, '2023-05-19 00:00:00.000000', '2023-05-19 00:00:00.000000', false, 'PERSON', 'COMPANY', null, 2, 65, null, '2023-03-25 02:00:37.000000'),
        (132, 6, null, 52, 59611385.00, 10, 6619.00, '2023-05-19 00:00:00.000000', '2023-05-19 00:00:00.000000', false, 'PERSON', 'COMPANY', null, 2, 26, null, '2022-12-25 09:02:54.000000'),
        (133, 4, null, 53, 89373746.00, 48, 9885.00, '2023-05-19 00:00:00.000000', '2023-05-19 00:00:00.000000', false, 'PERSON', 'COMPANY', null, 2, 8, null, '2022-12-12 00:02:41.000000'),
        (134, 13, null, 9, 18906315.00, 22, 11940.00, '2023-05-19 00:00:00.000000', '2023-05-19 00:00:00.000000', false, 'PERSON', 'COMPANY', null, 2, 18, null, '2022-10-29 13:04:47.000000'),
        (135, 15, null, 18, 98818450.00, 22, 13230.00, '2023-05-19 00:00:00.000000', '2023-05-19 00:00:00.000000', false, 'PERSON', 'COMPANY', null, 2, 59, null, '2022-10-22 03:51:19.000000'),
        (136, 49, null, 8, 25709659.00, 2, 8462.00, '2023-05-19 00:00:00.000000', '2023-05-19 00:00:00.000000', false, 'PERSON', 'COMPANY', null, 2, 44, null, '2022-10-08 00:48:44.000000'),
        (137, 2, null, 26, 30846216.00, 13, 1295.00, '2023-05-19 00:00:00.000000', '2023-05-19 00:00:00.000000', false, 'PERSON', 'COMPANY', null, 2, 73, null, '2023-05-08 08:52:30.000000'),
        (138, 15, null, 15, 90872935.00, 21, 7461.00, '2023-05-19 00:00:00.000000', '2023-05-19 00:00:00.000000', false, 'PERSON', 'COMPANY', null, 2, 51, null, '2023-03-24 02:25:44.000000'),
        (139, 52, null, 42, 91388108.00, 49, 5318.00, '2023-05-19 00:00:00.000000', '2023-05-19 00:00:00.000000', false, 'PERSON', 'COMPANY', null, 2, 6, null, '2023-03-18 17:56:15.000000'),
        (140, 32, null, 38, 60603360.00, 49, 9010.00, '2023-05-19 00:00:00.000000', '2023-05-19 00:00:00.000000', false, 'PERSON', 'COMPANY', null, 2, 69, null, '2022-10-06 21:32:26.000000'),
        (141, 9, null, 4, 55527142.00, 19, 11570.00, '2023-05-19 00:00:00.000000', '2023-05-19 00:00:00.000000', false, 'PERSON', 'COMPANY', null, 2, 40, null, '2022-06-21 13:06:40.000000'),
        (142, 7, null, 30, 92615973.00, 21, 5083.00, '2023-05-19 00:00:00.000000', '2023-05-19 00:00:00.000000', false, 'PERSON', 'COMPANY', null, 2, 54, null, '2022-08-19 03:02:19.000000'),
        (143, 30, null, 3, 26441724.00, 8, 4100.00, '2023-05-19 00:00:00.000000', '2023-05-19 00:00:00.000000', false, 'PERSON', 'COMPANY', null, 2, 6, null, '2022-10-27 11:13:58.000000'),
        (144, null, 38, 6, 713580.00, 26, 729.00, '2023-05-19 00:00:00.000000', '2023-05-19 00:00:00.000000', false, 'COMPANY', 'COMPANY', null, 2, 20, null, '2023-02-07 20:09:03.000000'),
        (145, null, 5, 16, 209653.00, 18, 706.00, '2023-05-19 00:00:00.000000', '2023-05-19 00:00:00.000000', false, 'COMPANY', 'COMPANY', null, 2, 49, null, '2023-03-04 10:18:29.000000'),
        (146, null, 46, 14, 355138.00, 6, 1448.00, '2023-05-19 00:00:00.000000', '2023-05-19 00:00:00.000000', false, 'COMPANY', 'COMPANY', null, 2, 46, null, '2022-11-05 22:52:38.000000'),
        (147, null, 3, 29, 122754.00, 31, 1298.00, '2023-05-19 00:00:00.000000', '2023-05-19 00:00:00.000000', false, 'COMPANY', 'COMPANY', null, 2, 16, null, '2022-06-12 21:52:36.000000'),
        (148, null, 6, 45, 416827.00, 13, 766.00, '2023-05-19 00:00:00.000000', '2023-05-19 00:00:00.000000', false, 'COMPANY', 'COMPANY', null, 2, 36, null, '2022-08-23 15:32:02.000000'),
        (149, null, 33, 5, 217405.00, 22, 914.00, '2023-05-19 00:00:00.000000', '2023-05-19 00:00:00.000000', false, 'COMPANY', 'COMPANY', null, 2, 41, null, '2023-02-01 10:08:51.000000'),
        (150, null, 52, 36, 342671.00, 31, 1295.00, '2023-05-19 00:00:00.000000', '2023-05-19 00:00:00.000000', false, 'COMPANY', 'COMPANY', null, 2, 75, null, '2023-01-08 20:08:24.000000'),
        (151, null, 31, 50, 652476.00, 47, 1309.00, '2023-05-19 00:00:00.000000', '2023-05-19 00:00:00.000000', false, 'COMPANY', 'COMPANY', null, 2, 41, null, '2022-06-24 11:07:44.000000'),
        (152, null, 19, 50, 791402.00, 5, 1488.00, '2023-05-19 00:00:00.000000', '2023-05-19 00:00:00.000000', false, 'COMPANY', 'COMPANY', null, 2, 36, null, '2022-10-26 22:19:21.000000'),
        (153, null, 27, 16, 981399.00, 15, 1158.00, '2023-05-19 00:00:00.000000', '2023-05-19 00:00:00.000000', false, 'COMPANY', 'COMPANY', null, 2, 5, null, '2022-06-05 11:23:30.000000'),
        (154, null, 11, 38, 50247.00, 20, 1082.00, '2023-05-19 00:00:00.000000', '2023-05-19 00:00:00.000000', false, 'COMPANY', 'COMPANY', null, 2, 52, null, '2022-11-22 02:22:21.000000'),
        (155, null, 52, 5, 893191.00, 40, 1335.00, '2023-05-19 00:00:00.000000', '2023-05-19 00:00:00.000000', false, 'COMPANY', 'COMPANY', null, 2, 29, null, '2023-05-04 01:31:05.000000'),
        (156, null, 52, 6, 236948.00, 37, 1185.00, '2023-05-19 00:00:00.000000', '2023-05-19 00:00:00.000000', false, 'COMPANY', 'COMPANY', null, 2, 41, null, '2023-03-25 01:55:55.000000'),
        (157, null, 38, 46, 784593.00, 48, 1484.00, '2023-05-19 00:00:00.000000', '2023-05-19 00:00:00.000000', false, 'COMPANY', 'COMPANY', null, 2, 3, null, '2022-06-19 21:44:26.000000'),
        (158, null, 36, 44, 40112.00, 20, 1183.00, '2023-05-19 00:00:00.000000', '2023-05-19 00:00:00.000000', false, 'COMPANY', 'COMPANY', null, 2, 36, null, '2022-08-05 00:28:03.000000'),
        (159, null, 6, 51, 88080551.00, 34, 8828.00, '2023-05-19 00:00:00.000000', '2023-05-19 00:00:00.000000', false, 'COMPANY', 'COMPANY', null, 1, null, 16, '2023-03-11 03:04:16.000000'),
        (160, null, 38, 27, 56988613.00, 23, 4369.00, '2023-05-19 00:00:00.000000', '2023-05-19 00:00:00.000000', false, 'COMPANY', 'COMPANY', null, 1, null, 11, '2023-04-02 05:42:23.000000'),
        (161, null, 38, 1, 64475964.00, 29, 14090.00, '2023-05-19 00:00:00.000000', '2023-05-19 00:00:00.000000', false, 'COMPANY', 'COMPANY', null, 1, null, 64, '2023-02-22 21:21:41.000000'),
        (162, null, 1, 19, 52477033.00, 10, 6020.00, '2023-05-19 00:00:00.000000', '2023-05-19 00:00:00.000000', false, 'COMPANY', 'COMPANY', null, 1, null, 76, '2022-09-04 17:24:25.000000'),
        (163, null, 14, 21, 58118683.00, 12, 6884.00, '2023-05-19 00:00:00.000000', '2023-05-19 00:00:00.000000', false, 'COMPANY', 'COMPANY', null, 1, null, 18, '2023-05-14 05:29:02.000000'),
        (164, null, 6, 54, 77779174.00, 32, 5751.00, '2023-05-19 00:00:00.000000', '2023-05-19 00:00:00.000000', false, 'COMPANY', 'COMPANY', null, 1, null, 6, '2022-11-30 18:19:00.000000'),
        (166, null, 23, 37, 93269687.00, 38, 1338.00, '2023-05-19 00:00:00.000000', '2023-05-19 00:00:00.000000', false, 'COMPANY', 'COMPANY', null, 1, null, 7, '2022-12-29 21:40:28.000000'),
        (167, null, 7, 49, 21330837.00, 39, 8455.00, '2023-05-19 00:00:00.000000', '2023-05-19 00:00:00.000000', false, 'COMPANY', 'COMPANY', null, 1, null, 68, '2023-02-23 19:24:23.000000'),
        (168, null, 28, 20, 24846970.00, 48, 7327.00, '2023-05-19 00:00:00.000000', '2023-05-19 00:00:00.000000', false, 'COMPANY', 'COMPANY', null, 1, null, 68, '2023-01-25 03:01:07.000000'),
        (169, null, 9, 2, 33747192.00, 39, 959.00, '2023-05-19 00:00:00.000000', '2023-05-19 00:00:00.000000', false, 'COMPANY', 'COMPANY', null, 1, null, 14, '2022-08-14 01:23:37.000000'),
        (170, null, 32, 3, 70572902.00, 3, 4060.00, '2023-05-19 00:00:00.000000', '2023-05-19 00:00:00.000000', false, 'COMPANY', 'COMPANY', null, 1, null, 43, '2023-01-28 03:06:06.000000'),
        (171, null, 22, 23, 62891417.00, 42, 13014.00, '2023-05-19 00:00:00.000000', '2023-05-19 00:00:00.000000', false, 'COMPANY', 'COMPANY', null, 1, null, 55, '2022-11-27 15:14:10.000000'),
        (172, null, 26, 14, 65728857.00, 19, 11488.00, '2023-05-19 00:00:00.000000', '2023-05-19 00:00:00.000000', false, 'COMPANY', 'COMPANY', null, 1, null, 31, '2022-09-24 15:05:43.000000'),
        (173, null, 13, 51, 69051973.00, 5, 746.00, '2023-05-19 00:00:00.000000', '2023-05-19 00:00:00.000000', false, 'COMPANY', 'COMPANY', null, 1, null, 34, '2023-01-01 14:26:06.000000'),
        (174, null, 48, 27, 31092607.00, 1, 9647.00, '2023-05-19 00:00:00.000000', '2023-05-19 00:00:00.000000', false, 'COMPANY', 'COMPANY', null, 1, null, 70, '2022-12-31 21:16:22.000000'),
        (175, null, 30, null, 38943842.00, 47, 10729.00, '2023-05-19 00:00:00.000000', '2023-05-19 00:00:00.000000', false, 'COMPANY', 'PERSON', 12, 1, null, 69, '2022-09-14 07:51:51.000000'),
        (176, null, 25, null, 77627888.00, 43, 11309.00, '2023-05-19 00:00:00.000000', '2023-05-19 00:00:00.000000', false, 'COMPANY', 'PERSON', 15, 1, null, 20, '2023-05-16 18:00:06.000000'),
        (177, null, 20, null, 68565514.00, 8, 1787.00, '2023-05-19 00:00:00.000000', '2023-05-19 00:00:00.000000', false, 'COMPANY', 'PERSON', 38, 1, null, 65, '2022-12-11 08:56:11.000000'),
        (178, null, 44, null, 9315962.00, 46, 9844.00, '2023-05-19 00:00:00.000000', '2023-05-19 00:00:00.000000', false, 'COMPANY', 'PERSON', 11, 1, null, 46, '2023-01-16 01:17:37.000000'),
        (179, null, 48, null, 63158907.00, 11, 6328.00, '2023-05-19 00:00:00.000000', '2023-05-19 00:00:00.000000', false, 'COMPANY', 'PERSON', 14, 1, null, 66, '2022-08-16 22:45:14.000000'),
        (180, null, 4, null, 19661011.00, 17, 14269.00, '2023-05-19 00:00:00.000000', '2023-05-19 00:00:00.000000', false, 'COMPANY', 'PERSON', 42, 1, null, 78, '2023-03-13 22:11:47.000000'),
        (181, null, 33, null, 23901470.00, 17, 7436.00, '2023-05-19 00:00:00.000000', '2023-05-19 00:00:00.000000', false, 'COMPANY', 'PERSON', 36, 1, null, 45, '2023-03-21 16:18:23.000000'),
        (182, null, 28, null, 89132204.00, 26, 7421.00, '2023-05-19 00:00:00.000000', '2023-05-19 00:00:00.000000', false, 'COMPANY', 'PERSON', 27, 1, null, 71, '2023-03-12 07:40:11.000000'),
        (183, null, 54, null, 50877022.00, 26, 7199.00, '2023-05-19 00:00:00.000000', '2023-05-19 00:00:00.000000', false, 'COMPANY', 'PERSON', 46, 1, null, 7, '2022-09-24 04:11:45.000000'),
        (184, null, 32, null, 624812.00, 24, 11510.00, '2023-05-19 00:00:00.000000', '2023-05-19 00:00:00.000000', false, 'COMPANY', 'PERSON', 23, 1, null, 23, '2023-04-02 20:29:57.000000'),
        (185, null, 55, null, 85700205.00, 39, 10406.00, '2023-05-19 00:00:00.000000', '2023-05-19 00:00:00.000000', false, 'COMPANY', 'PERSON', 12, 1, null, 53, '2022-12-13 19:07:14.000000'),
        (186, null, 1, null, 39622535.00, 44, 13569.00, '2023-05-19 00:00:00.000000', '2023-05-19 00:00:00.000000', false, 'COMPANY', 'PERSON', 3, 1, null, 16, '2022-11-15 14:03:30.000000'),
        (187, null, 11, null, 75530372.00, 13, 9162.00, '2023-05-19 00:00:00.000000', '2023-05-19 00:00:00.000000', false, 'COMPANY', 'PERSON', 20, 1, null, 12, '2022-09-23 13:19:28.000000'),
        (188, null, 3, null, 52694770.00, 16, 3372.00, '2023-05-19 00:00:00.000000', '2023-05-19 00:00:00.000000', false, 'COMPANY', 'PERSON', 18, 1, null, 62, '2022-06-21 14:39:43.000000'),
        (189, null, 31, null, 72957583.00, 42, 13539.00, '2023-05-19 00:00:00.000000', '2023-05-19 00:00:00.000000', false, 'COMPANY', 'PERSON', 5, 1, null, 46, '2022-06-11 12:13:35.000000'),
        (190, null, 32, null, 26623583.00, 37, 6966.00, '2023-05-19 00:00:00.000000', '2023-05-19 00:00:00.000000', false, 'COMPANY', 'PERSON', 24, 1, null, 45, '2023-02-09 19:03:58.000000'),
        (191, null, 33, null, 69604200.00, 30, 6760.00, '2023-05-19 00:00:00.000000', '2023-05-19 00:00:00.000000', false, 'COMPANY', 'PERSON', 9, 1, null, 74, '2022-09-18 14:17:38.000000'),
        (192, null, 16, null, 57974384.00, 4, 8679.00, '2023-05-19 00:00:00.000000', '2023-05-19 00:00:00.000000', false, 'COMPANY', 'PERSON', 5, 1, null, 16, '2022-12-23 06:08:54.000000'),
        (193, null, 22, null, 86797434.00, 47, 12941.00, '2023-05-19 00:00:00.000000', '2023-05-19 00:00:00.000000', false, 'COMPANY', 'PERSON', 25, 1, null, 47, '2022-06-21 19:49:59.000000'),
        (194, null, 18, null, 26671814.00, 50, 13480.00, '2023-05-19 00:00:00.000000', '2023-05-19 00:00:00.000000', false, 'COMPANY', 'PERSON', 20, 1, null, 74, '2022-12-10 16:51:34.000000'),
        (195, null, 8, null, 57955625.00, 40, 3187.00, '2023-05-19 00:00:00.000000', '2023-05-19 00:00:00.000000', false, 'COMPANY', 'PERSON', 20, 1, null, 67, '2023-04-22 12:06:01.000000'),
        (196, null, 11, null, 20180994.00, 24, 8357.00, '2023-05-19 00:00:00.000000', '2023-05-19 00:00:00.000000', false, 'COMPANY', 'PERSON', 39, 1, null, 63, '2023-02-02 13:40:41.000000'),
        (197, null, 3, null, 64605915.00, 4, 12425.00, '2023-05-19 00:00:00.000000', '2023-05-19 00:00:00.000000', false, 'COMPANY', 'PERSON', 45, 1, null, 59, '2023-05-10 19:05:58.000000'),
        (198, null, 15, null, 29654910.00, 25, 10532.00, '2023-05-19 00:00:00.000000', '2023-05-19 00:00:00.000000', false, 'COMPANY', 'PERSON', 11, 1, null, 23, '2023-01-17 01:04:16.000000'),
        (199, null, 32, null, 38930843.00, 33, 6747.00, '2023-05-19 00:00:00.000000', '2023-05-19 00:00:00.000000', false, 'COMPANY', 'PERSON', 12, 1, null, 18, '2022-07-10 04:03:59.000000'),
        (200, null, 52, null, 70847.00, 41, 535.00, '2023-05-19 00:00:00.000000', '2023-05-19 00:00:00.000000', false, 'COMPANY', 'PERSON', 40, 2, 66, null, '2022-09-07 20:27:06.000000'),
        (201, null, 30, null, 33427.00, 49, 301.00, '2023-05-19 00:00:00.000000', '2023-05-19 00:00:00.000000', false, 'COMPANY', 'PERSON', 15, 2, 10, null, '2023-05-13 18:56:35.000000'),
        (202, null, 38, null, 40193.00, 13, 637.00, '2023-05-19 00:00:00.000000', '2023-05-19 00:00:00.000000', false, 'COMPANY', 'PERSON', 5, 2, 2, null, '2022-09-25 17:03:54.000000'),
        (203, null, 38, null, 55617.00, 14, 577.00, '2023-05-19 00:00:00.000000', '2023-05-19 00:00:00.000000', false, 'COMPANY', 'PERSON', 54, 2, 55, null, '2022-11-03 11:03:52.000000'),
        (204, null, 25, null, 86884.00, 31, 423.00, '2023-05-19 00:00:00.000000', '2023-05-19 00:00:00.000000', false, 'COMPANY', 'PERSON', 17, 2, 60, null, '2022-10-01 12:04:45.000000'),
        (206, null, 13, null, 98721.00, 39, 423.00, '2023-05-19 00:00:00.000000', '2023-05-19 00:00:00.000000', false, 'COMPANY', 'PERSON', 32, 2, 51, null, '2023-02-26 16:02:36.000000'),
        (207, null, 50, null, 92057.00, 16, 476.00, '2023-05-19 00:00:00.000000', '2023-05-19 00:00:00.000000', false, 'COMPANY', 'PERSON', 28, 2, 58, null, '2022-12-02 13:29:12.000000'),
        (208, null, 48, null, 64754.00, 30, 181.00, '2023-05-19 00:00:00.000000', '2023-05-19 00:00:00.000000', false, 'COMPANY', 'PERSON', 14, 2, 42, null, '2023-02-06 21:51:26.000000'),
        (209, null, 11, null, 66617.00, 28, 299.00, '2023-05-19 00:00:00.000000', '2023-05-19 00:00:00.000000', false, 'COMPANY', 'PERSON', 39, 2, 70, null, '2023-04-11 16:39:51.000000'),
        (210, null, 10, null, 47259.00, 4, 172.00, '2023-05-19 00:00:00.000000', '2023-05-19 00:00:00.000000', false, 'COMPANY', 'PERSON', 9, 2, 70, null, '2022-06-25 04:51:44.000000'),
        (211, null, 5, null, 33114.00, 6, 286.00, '2023-05-19 00:00:00.000000', '2023-05-19 00:00:00.000000', false, 'COMPANY', 'PERSON', 10, 2, 10, null, '2023-02-05 22:44:21.000000'),
        (212, null, 26, null, 90453.00, 15, 356.00, '2023-05-19 00:00:00.000000', '2023-05-19 00:00:00.000000', false, 'COMPANY', 'PERSON', 45, 2, 65, null, '2023-02-27 11:29:10.000000'),
        (214, null, 25, null, 60794.00, 24, 271.00, '2023-05-19 00:00:00.000000', '2023-05-19 00:00:00.000000', false, 'COMPANY', 'PERSON', 16, 2, 7, null, '2023-04-26 17:17:49.000000'),
        (215, null, 44, null, 60710.00, 49, 399.00, '2023-05-19 00:00:00.000000', '2023-05-19 00:00:00.000000', false, 'COMPANY', 'PERSON', 11, 2, 26, null, '2022-07-12 09:50:40.000000'),
        (217, null, 52, null, 70847.00, 41, 535.00, '2023-05-19 00:00:00.000000', '2023-05-19 00:00:00.000000', false, 'COMPANY', 'PERSON', 40, 2, 66, null, '2022-09-07 20:27:06.000000'),
        (218, null, 30, null, 33427.00, 49, 301.00, '2023-05-19 00:00:00.000000', '2023-05-19 00:00:00.000000', false, 'COMPANY', 'PERSON', 15, 2, 10, null, '2023-05-13 18:56:35.000000'),
        (219, null, 38, null, 40193.00, 13, 637.00, '2023-05-19 00:00:00.000000', '2023-05-19 00:00:00.000000', false, 'COMPANY', 'PERSON', 5, 2, 2, null, '2022-09-25 17:03:54.000000'),
        (220, null, 38, null, 55617.00, 14, 577.00, '2023-05-19 00:00:00.000000', '2023-05-19 00:00:00.000000', false, 'COMPANY', 'PERSON', 54, 2, 55, null, '2022-11-03 11:03:52.000000'),
        (221, null, 25, null, 86884.00, 31, 423.00, '2023-05-19 00:00:00.000000', '2023-05-19 00:00:00.000000', false, 'COMPANY', 'PERSON', 17, 2, 60, null, '2022-10-01 12:04:45.000000'),
        (222, null, 13, null, 98721.00, 39, 423.00, '2023-05-19 00:00:00.000000', '2023-05-19 00:00:00.000000', false, 'COMPANY', 'PERSON', 32, 2, 51, null, '2023-02-26 16:02:36.000000'),
        (223, null, 50, null, 92057.00, 16, 476.00, '2023-05-19 00:00:00.000000', '2023-05-19 00:00:00.000000', false, 'COMPANY', 'PERSON', 28, 2, 58, null, '2022-12-02 13:29:12.000000'),
        (224, null, 48, null, 64754.00, 30, 181.00, '2023-05-19 00:00:00.000000', '2023-05-19 00:00:00.000000', false, 'COMPANY', 'PERSON', 14, 2, 42, null, '2023-02-06 21:51:26.000000'),
        (225, null, 11, null, 66617.00, 28, 299.00, '2023-05-19 00:00:00.000000', '2023-05-19 00:00:00.000000', false, 'COMPANY', 'PERSON', 39, 2, 70, null, '2023-04-11 16:39:51.000000'),
        (226, null, 10, null, 47259.00, 4, 172.00, '2023-05-19 00:00:00.000000', '2023-05-19 00:00:00.000000', false, 'COMPANY', 'PERSON', 9, 2, 70, null, '2022-06-25 04:51:44.000000'),
        (227, null, 5, null, 33114.00, 6, 286.00, '2023-05-19 00:00:00.000000', '2023-05-19 00:00:00.000000', false, 'COMPANY', 'PERSON', 10, 2, 10, null, '2023-02-05 22:44:21.000000'),
        (228, null, 26, null, 90453.00, 15, 356.00, '2023-05-19 00:00:00.000000', '2023-05-19 00:00:00.000000', false, 'COMPANY', 'PERSON', 45, 2, 65, null, '2023-02-27 11:29:10.000000'),
        (229, 1, null, 1, 25000.00, 57, 2500.00, '2023-05-22 20:01:47.016333', '2023-05-22 20:01:47.016333', false, 'PERSON', 'COMPANY', null, 1, null, 1, '2022-08-22 10:27:38.000000'),
        (230, 1, null, 1, 150000.00, 57, 3500.00, '2023-05-22 21:00:42.053367', '2023-05-22 21:00:42.053367', false, 'PERSON', 'COMPANY', null, 1, null, 1, '2022-08-22 10:27:38.000000'),
        (231, 1, null, null, 33601687.00, 41, 900.00, '2023-05-19 00:00:00.000000', '2023-05-19 00:00:00.000000', false, 'PERSON', 'PERSON', 133, 1, null, 66, '2023-01-20 21:03:15.000000'),
        (232, 8, null, null, 88164383.00, 34, 6888.00, '2023-05-19 00:00:00.000000', '2023-05-19 00:00:00.000000', false, 'PERSON', 'PERSON', 10, 1, null, 76, '2022-10-12 18:35:15.000000'),
        (233, 12, null, null, 99103821.00, 11, 9466.00, '2023-05-19 00:00:00.000000', '2023-05-19 00:00:00.000000', false, 'PERSON', 'PERSON', 9, 1, null, 69, '2023-01-02 04:01:20.000000'),
        (234, 120, null, null, 91782974.00, 31, 884.00, '2023-05-19 00:00:00.000000', '2023-05-19 00:00:00.000000', false, 'PERSON', 'PERSON', 138, 1, null, 41, '2022-11-14 00:53:33.000000'),
        (235, 9, null, null, 29143585.00, 50, 5958.00, '2023-05-19 00:00:00.000000', '2023-05-19 00:00:00.000000', false, 'PERSON', 'PERSON', 18, 1, null, 59, '2023-01-12 19:25:22.000000'),
        (237, 5, null, null, 9034358.00, 4, 3602.00, '2023-05-19 00:00:00.000000', '2023-05-19 00:00:00.000000', false, 'PERSON', 'PERSON', 18, 1, null, 28, '2022-06-05 18:37:48.000000'),
        (238, 149, null, null, 65211460.00, 31, 8187.00, '2023-05-19 00:00:00.000000', '2023-05-19 00:00:00.000000', false, 'PERSON', 'PERSON', 1, 1, null, 1, '2022-10-21 07:14:24.000000'),
        (239, 114, null, null, 93925184.00, 6, 10267.00, '2023-05-19 00:00:00.000000', '2023-05-19 00:00:00.000000', false, 'PERSON', 'PERSON', 113, 1, null, 66, '2023-05-18 17:58:52.000000'),
        (240, 115, null, null, 70034550.00, 44, 2849.00, '2023-05-19 00:00:00.000000', '2023-05-19 00:00:00.000000', false, 'PERSON', 'PERSON', 133, 1, null, 38, '2023-04-16 10:04:05.000000'),
        (241, 121, null, null, 82228137.00, 19, 12668.00, '2023-05-19 00:00:00.000000', '2023-05-19 00:00:00.000000', false, 'PERSON', 'PERSON', 118, 1, null, 47, '2022-09-21 12:41:10.000000'),
        (242, 129, null, null, 890564.00, 23, 1577.00, '2023-05-19 00:00:00.000000', '2023-05-19 00:00:00.000000', false, 'PERSON', 'PERSON', 21, 1, null, 34, '2023-02-20 21:05:52.000000'),
        (243, 10, null, null, 2836754.00, 42, 7165.00, '2023-05-19 00:00:00.000000', '2023-05-19 00:00:00.000000', false, 'PERSON', 'PERSON', 43, 1, null, 43, '2023-03-11 17:31:31.000000'),
        (244, 143, null, null, 60540461.00, 41, 4441.00, '2023-05-19 00:00:00.000000', '2023-05-19 00:00:00.000000', false, 'PERSON', 'PERSON', 111, 1, null, 67, '2022-10-09 01:09:08.000000'),
        (245, 47, null, null, 28244103.00, 3, 3291.00, '2023-05-19 00:00:00.000000', '2023-05-19 00:00:00.000000', false, 'PERSON', 'PERSON', 36, 1, null, 40, '2022-10-09 22:46:43.000000'),
        (246, 129, null, null, 15450910.00, 37, 5505.00, '2023-05-19 00:00:00.000000', '2023-05-19 00:00:00.000000', false, 'PERSON', 'PERSON', 150, 1, null, 13, '2022-05-21 14:38:39.000000'),
        (247, 27, null, null, 74054072.00, 22, 3794.00, '2023-05-19 00:00:00.000000', '2023-05-19 00:00:00.000000', false, 'PERSON', 'PERSON', 10, 1, null, 10, '2022-12-22 19:06:06.000000'),
        (248, 44, null, null, 6928351.00, 18, 8286.00, '2023-05-19 00:00:00.000000', '2023-05-19 00:00:00.000000', false, 'PERSON', 'PERSON', 16, 1, null, 38, '2022-10-12 16:12:09.000000'),
        (249, 26, null, null, 14311291.00, 46, 6338.00, '2023-05-19 00:00:00.000000', '2023-05-19 00:00:00.000000', false, 'PERSON', 'PERSON', 10, 1, null, 65, '2022-12-21 07:58:10.000000'),
        (250, 13, null, null, 56941428.00, 11, 13832.00, '2023-05-19 00:00:00.000000', '2023-05-19 00:00:00.000000', false, 'PERSON', 'PERSON', 25, 1, null, 43, '2022-12-30 23:26:53.000000'),
        (251, 135, null, null, 93422253.00, 39, 8238.00, '2023-05-19 00:00:00.000000', '2023-05-19 00:00:00.000000', false, 'PERSON', 'PERSON', 38, 1, null, 13, '2023-02-12 04:12:22.000000'),
        (252, 125, null, null, 5522035.00, 23, 9504.00, '2023-05-19 00:00:00.000000', '2023-05-19 00:00:00.000000', false, 'PERSON', 'PERSON', 5, 1, null, 47, '2022-06-13 05:29:45.000000'),
        (253, 44, null, null, 76825978.00, 39, 6695.00, '2023-05-19 00:00:00.000000', '2023-05-19 00:00:00.000000', false, 'PERSON', 'PERSON', 24, 1, null, 58, '2023-03-23 17:06:19.000000'),
        (254, 4, null, null, 98368388.00, 27, 2445.00, '2023-05-19 00:00:00.000000', '2023-05-19 00:00:00.000000', false, 'PERSON', 'PERSON', 139, 1, null, 15, '2022-11-17 18:44:01.000000'),
        (255, 143, null, null, 14677863.00, 23, 6573.00, '2023-05-19 00:00:00.000000', '2023-05-19 00:00:00.000000', false, 'PERSON', 'PERSON', 42, 1, null, 34, '2022-11-26 13:48:39.000000'),
        (256, 10, null, null, 90159167.00, 6, 4536.00, '2023-05-19 00:00:00.000000', '2023-05-19 00:00:00.000000', false, 'PERSON', 'PERSON', 9, 1, null, 50, '2022-08-31 18:52:59.000000'),
        (257, 43, null, null, 27314545.00, 4, 1781.00, '2023-05-19 00:00:00.000000', '2023-05-19 00:00:00.000000', false, 'PERSON', 'PERSON', 10, 1, null, 13, '2023-04-21 19:59:34.000000'),
        (258, 126, null, null, 59972234.00, 22, 14729.00, '2023-05-19 00:00:00.000000', '2023-05-19 00:00:00.000000', false, 'PERSON', 'PERSON', 2, 1, null, 40, '2022-09-28 04:23:08.000000'),
        (259, 149, null, null, 68763770.00, 44, 11362.00, '2023-05-19 00:00:00.000000', '2023-05-19 00:00:00.000000', false, 'PERSON', 'PERSON', 147, 1, null, 24, '2023-03-08 15:43:14.000000'),
        (260, 148, null, null, 33195887.00, 16, 13979.00, '2023-05-19 00:00:00.000000', '2023-05-19 00:00:00.000000', false, 'PERSON', 'PERSON', 19, 1, null, 35, '2023-03-22 13:12:02.000000'),
        (262, 29, null, null, 63491235.00, 15, 7845.00, '2023-05-19 00:00:00.000000', '2023-05-19 00:00:00.000000', false, 'PERSON', 'PERSON', 6, 1, null, 59, '2022-07-11 13:10:12.000000'),
        (263, 155, null, null, 95053376.00, 34, 4652.00, '2023-05-19 00:00:00.000000', '2023-05-19 00:00:00.000000', false, 'PERSON', 'PERSON', 15, 1, null, 33, '2023-02-25 01:45:21.000000'),
        (264, 34, null, null, 84529393.00, 16, 14363.00, '2023-05-19 00:00:00.000000', '2023-05-19 00:00:00.000000', false, 'PERSON', 'PERSON', 127, 1, null, 15, '2022-11-21 02:00:21.000000'),
        (265, 45, null, null, 45352303.00, 39, 7366.00, '2023-05-19 00:00:00.000000', '2023-05-19 00:00:00.000000', false, 'PERSON', 'PERSON', 4, 1, null, 74, '2022-06-10 05:53:19.000000'),
        (266, 26, null, null, 69535243.00, 8, 8201.00, '2023-05-19 00:00:00.000000', '2023-05-19 00:00:00.000000', false, 'PERSON', 'PERSON', 43, 1, null, 41, '2023-03-24 17:11:26.000000'),
        (267, 47, null, null, 16663854.00, 20, 12167.00, '2023-05-19 00:00:00.000000', '2023-05-19 00:00:00.000000', false, 'PERSON', 'PERSON', 55, 1, null, 15, '2023-04-19 06:50:40.000000'),
        (268, 3, null, null, 82709097.00, 15, 11270.00, '2023-05-19 00:00:00.000000', '2023-05-19 00:00:00.000000', false, 'PERSON', 'PERSON', 7, 1, null, 67, '2022-11-09 08:56:43.000000'),
        (269, 48, null, null, 50579308.00, 29, 10218.00, '2023-05-19 00:00:00.000000', '2023-05-19 00:00:00.000000', false, 'PERSON', 'PERSON', 26, 1, null, 19, '2022-06-27 15:16:07.000000'),
        (270, 27, null, null, 28566109.00, 20, 11242.00, '2023-05-19 00:00:00.000000', '2023-05-19 00:00:00.000000', false, 'PERSON', 'PERSON', 18, 1, null, 36, '2022-07-01 21:14:02.000000'),
        (271, 25, null, null, 55361352.00, 15, 3021.00, '2023-05-19 00:00:00.000000', '2023-05-19 00:00:00.000000', false, 'PERSON', 'PERSON', 19, 1, null, 50, '2022-10-07 15:01:23.000000'),
        (272, 44, null, null, 83435502.00, 43, 13655.00, '2023-05-19 00:00:00.000000', '2023-05-19 00:00:00.000000', false, 'PERSON', 'PERSON', 16, 1, null, 18, '2022-06-08 01:19:19.000000'),
        (273, 1, null, null, 48287435.00, 21, 7103.00, '2023-05-19 00:00:00.000000', '2023-05-19 00:00:00.000000', false, 'PERSON', 'PERSON', 55, 1, null, 61, '2023-01-22 18:00:23.000000'),
        (274, 3, null, null, 26004272.00, 24, 8475.00, '2023-05-19 00:00:00.000000', '2023-05-19 00:00:00.000000', false, 'PERSON', 'PERSON', 53, 1, null, 35, '2022-09-08 13:00:33.000000'),
        (275, 47, null, null, 87537230.00, 15, 3375.00, '2023-05-19 00:00:00.000000', '2023-05-19 00:00:00.000000', false, 'PERSON', 'PERSON', 33, 1, null, 29, '2022-10-20 03:22:33.000000'),
        (276, 19, null, null, 11478344.00, 21, 13514.00, '2023-05-19 00:00:00.000000', '2023-05-19 00:00:00.000000', false, 'PERSON', 'PERSON', 35, 1, null, 27, '2022-07-09 04:53:21.000000'),
        (277, 7, null, null, 93075987.00, 1, 8820.00, '2023-05-19 00:00:00.000000', '2023-05-19 00:00:00.000000', false, 'PERSON', 'PERSON', 15, 1, null, 10, '2023-04-04 15:09:12.000000'),
        (278, 128, null, null, 1673762.00, 47, 6643.00, '2023-05-19 00:00:00.000000', '2023-05-19 00:00:00.000000', false, 'PERSON', 'PERSON', 137, 1, null, 30, '2022-12-31 06:40:27.000000'),
        (279, 136, null, null, 11007118.00, 13, 4569.00, '2023-05-19 00:00:00.000000', '2023-05-19 00:00:00.000000', false, 'PERSON', 'PERSON', 145, 1, null, 11, '2023-04-21 06:04:08.000000'),
        (280, 43, null, null, 64558489.00, 39, 9587.00, '2023-05-19 00:00:00.000000', '2023-05-19 00:00:00.000000', false, 'PERSON', 'PERSON', 9, 1, null, 14, '2023-03-01 14:11:15.000000'),
        (281, 16, null, null, 15967350.00, 44, 9638.00, '2023-05-19 00:00:00.000000', '2023-05-19 00:00:00.000000', false, 'PERSON', 'PERSON', 141, 1, null, 29, '2022-07-23 03:33:35.000000'),
        (282, 9, null, null, 9377822.00, 11, 14894.00, '2023-05-19 00:00:00.000000', '2023-05-19 00:00:00.000000', false, 'PERSON', 'PERSON', 129, 1, null, 74, '2023-01-05 19:43:11.000000'),
        (283, 153, null, null, 74354566.00, 19, 5523.00, '2023-05-19 00:00:00.000000', '2023-05-19 00:00:00.000000', false, 'PERSON', 'PERSON', 30, 1, null, 27, '2022-07-28 13:51:16.000000'),
        (284, 123, null, null, 33989345.00, 50, 1367.00, '2023-05-19 00:00:00.000000', '2023-05-19 00:00:00.000000', false, 'PERSON', 'PERSON', 8, 1, null, 59, '2022-12-28 18:57:56.000000'),
        (285, 120, null, null, 6320357.00, 6, 11547.00, '2023-05-19 00:00:00.000000', '2023-05-19 00:00:00.000000', false, 'PERSON', 'PERSON', 40, 1, null, 16, '2023-04-14 14:50:43.000000'),
        (286, 121, null, null, 97515706.00, 15, 4027.00, '2023-05-19 00:00:00.000000', '2023-05-19 00:00:00.000000', false, 'PERSON', 'PERSON', 17, 1, null, 55, '2022-11-25 19:28:06.000000'),
        (287, 9, null, null, 20123704.00, 6, 5380.00, '2023-05-19 00:00:00.000000', '2023-05-19 00:00:00.000000', false, 'PERSON', 'PERSON', 11, 1, null, 35, '2023-03-16 08:23:35.000000'),
        (288, 44, null, null, 60543240.00, 39, 13013.00, '2023-05-19 00:00:00.000000', '2023-05-19 00:00:00.000000', false, 'PERSON', 'PERSON', 26, 1, null, 19, '2022-10-15 10:24:32.000000'),
        (289, 7, null, null, 74069729.00, 40, 13521.00, '2023-05-19 00:00:00.000000', '2023-05-19 00:00:00.000000', false, 'PERSON', 'PERSON', 45, 1, null, 19, '2022-09-16 02:41:29.000000'),
        (290, 12, null, null, 68321182.00, 7, 7314.00, '2023-05-19 00:00:00.000000', '2023-05-19 00:00:00.000000', false, 'PERSON', 'PERSON', 10, 1, null, 47, '2022-07-29 14:22:15.000000'),
        (291, 31, null, null, 68930465.00, 42, 3940.00, '2023-05-19 00:00:00.000000', '2023-05-19 00:00:00.000000', false, 'PERSON', 'PERSON', 31, 1, null, 6, '2022-12-05 13:01:53.000000'),
        (292, 13, null, null, 97350929.00, 26, 13602.00, '2023-05-19 00:00:00.000000', '2023-05-19 00:00:00.000000', false, 'PERSON', 'PERSON', 25, 1, null, 41, '2022-10-01 11:39:52.000000'),
        (293, 45, null, null, 42453941.00, 32, 8214.00, '2023-05-19 00:00:00.000000', '2023-05-19 00:00:00.000000', false, 'PERSON', 'PERSON', 15, 1, null, 13, '2022-10-16 05:24:37.000000'),
        (294, 43, null, null, 28270798.00, 33, 7630.00, '2023-05-19 00:00:00.000000', '2023-05-19 00:00:00.000000', false, 'PERSON', 'PERSON', 45, 1, null, 61, '2022-12-21 04:10:01.000000'),
        (295, 27, null, null, 11499480.00, 23, 2381.00, '2023-05-19 00:00:00.000000', '2023-05-19 00:00:00.000000', false, 'PERSON', 'PERSON', 17, 1, null, 70, '2023-01-13 06:29:49.000000'),
        (296, 50, null, null, 52982175.00, 41, 1721.00, '2023-05-19 00:00:00.000000', '2023-05-19 00:00:00.000000', false, 'PERSON', 'PERSON', 38, 1, null, 26, '2022-10-05 14:16:20.000000'),
        (297, 3, null, null, 74052328.00, 15, 8605.00, '2023-05-19 00:00:00.000000', '2023-05-19 00:00:00.000000', false, 'PERSON', 'PERSON', 53, 1, null, 15, '2023-05-11 00:32:47.000000'),
        (298, 16, null, null, 92242817.00, 27, 10486.00, '2023-05-19 00:00:00.000000', '2023-05-19 00:00:00.000000', false, 'PERSON', 'PERSON', 53, 1, null, 6, '2022-11-17 01:02:12.000000'),
        (300, 28, null, null, 92938105.00, 42, 4995.00, '2023-05-19 00:00:00.000000', '2023-05-19 00:00:00.000000', false, 'PERSON', 'PERSON', 11, 1, null, 42, '2022-06-07 13:28:04.000000'),
        (301, 14, null, null, 94877118.00, 28, 2679.00, '2023-05-19 00:00:00.000000', '2023-05-19 00:00:00.000000', false, 'PERSON', 'PERSON', 120, 1, null, 59, '2023-02-13 16:07:01.000000'),
        (302, 31, null, null, 68146772.00, 37, 5334.00, '2023-05-19 00:00:00.000000', '2023-05-19 00:00:00.000000', false, 'PERSON', 'PERSON', 110, 1, null, 66, '2022-05-24 05:32:30.000000'),
        (303, 134, null, null, 53808494.00, 45, 10686.00, '2023-05-19 00:00:00.000000', '2023-05-19 00:00:00.000000', false, 'PERSON', 'PERSON', 1, 1, null, 39, '2022-09-27 05:15:39.000000'),
        (304, 123, null, null, 78049415.00, 31, 6643.00, '2023-05-19 00:00:00.000000', '2023-05-19 00:00:00.000000', false, 'PERSON', 'PERSON', 37, 1, null, 48, '2023-02-26 18:03:43.000000'),
        (305, 130, null, null, 24951931.00, 1, 4049.00, '2023-05-19 00:00:00.000000', '2023-05-19 00:00:00.000000', false, 'PERSON', 'PERSON', 33, 1, null, 73, '2022-09-12 23:24:10.000000'),
        (306, 115, null, null, 35342319.00, 20, 4496.00, '2023-05-19 00:00:00.000000', '2023-05-19 00:00:00.000000', false, 'PERSON', 'PERSON', 2, 1, null, 5, '2022-11-28 09:09:23.000000'),
        (307, 33, null, null, 38460499.00, 1, 12906.00, '2023-05-19 00:00:00.000000', '2023-05-19 00:00:00.000000', false, 'PERSON', 'PERSON', 37, 1, null, 23, '2023-01-14 19:42:03.000000'),
        (308, 42, null, null, 32166660.00, 20, 1624.00, '2023-05-19 00:00:00.000000', '2023-05-19 00:00:00.000000', false, 'PERSON', 'PERSON', 34, 1, null, 42, '2023-01-30 02:10:16.000000'),
        (309, 30, null, null, 68334638.00, 13, 14223.00, '2023-05-19 00:00:00.000000', '2023-05-19 00:00:00.000000', false, 'PERSON', 'PERSON', 37, 1, null, 60, '2023-02-09 15:03:40.000000'),
        (310, 7, null, null, 5789564.00, 30, 10538.00, '2023-05-19 00:00:00.000000', '2023-05-19 00:00:00.000000', false, 'PERSON', 'PERSON', 47, 1, null, 31, '2023-03-07 23:17:04.000000'),
        (311, 14, null, null, 87587049.00, 18, 4967.00, '2023-05-19 00:00:00.000000', '2023-05-19 00:00:00.000000', false, 'PERSON', 'PERSON', 35, 1, null, 63, '2023-03-08 14:31:03.000000'),
        (312, 37, null, null, 42671487.00, 50, 5108.00, '2023-05-19 00:00:00.000000', '2023-05-19 00:00:00.000000', false, 'PERSON', 'PERSON', 39, 1, null, 47, '2022-06-15 12:58:02.000000'),
        (313, 14, null, null, 91734039.00, 42, 11768.00, '2023-05-19 00:00:00.000000', '2023-05-19 00:00:00.000000', false, 'PERSON', 'PERSON', 8, 1, null, 7, '2022-06-20 20:15:19.000000'),
        (314, 46, null, null, 54985656.00, 10, 3018.00, '2023-05-19 00:00:00.000000', '2023-05-19 00:00:00.000000', false, 'PERSON', 'PERSON', 39, 1, null, 54, '2022-10-13 18:26:21.000000'),
        (315, 45, null, null, 57664745.00, 17, 5677.00, '2023-05-19 00:00:00.000000', '2023-05-19 00:00:00.000000', false, 'PERSON', 'PERSON', 55, 1, null, 61, '2023-03-01 06:26:16.000000'),
        (316, 36, null, null, 41033504.00, 36, 766.00, '2023-05-19 00:00:00.000000', '2023-05-19 00:00:00.000000', false, 'PERSON', 'PERSON', 54, 1, null, 75, '2022-07-24 12:25:56.000000'),
        (317, 50, null, null, 77732881.00, 37, 12756.00, '2023-05-19 00:00:00.000000', '2023-05-19 00:00:00.000000', false, 'PERSON', 'PERSON', 1, 1, null, 55, '2023-03-22 13:02:07.000000'),
        (318, 53, null, null, 1360101.00, 3, 3960.00, '2023-05-19 00:00:00.000000', '2023-05-19 00:00:00.000000', false, 'PERSON', 'PERSON', 27, 1, null, 65, '2022-09-18 13:36:43.000000'),
        (319, 21, null, null, 10468042.00, 11, 3299.00, '2023-05-19 00:00:00.000000', '2023-05-19 00:00:00.000000', false, 'PERSON', 'PERSON', 18, 1, null, 59, '2022-06-01 11:11:57.000000'),
        (320, 34, null, null, 18243534.00, 3, 2699.00, '2023-05-19 00:00:00.000000', '2023-05-19 00:00:00.000000', false, 'PERSON', 'PERSON', 17, 1, null, 74, '2022-11-14 14:50:49.000000'),
        (321, 18, null, null, 42446910.00, 26, 9448.00, '2023-05-19 00:00:00.000000', '2023-05-19 00:00:00.000000', false, 'PERSON', 'PERSON', 23, 1, null, 23, '2022-11-26 01:34:51.000000'),
        (322, 17, null, null, 45846935.00, 27, 7585.00, '2023-05-19 00:00:00.000000', '2023-05-19 00:00:00.000000', false, 'PERSON', 'PERSON', 12, 1, null, 8, '2023-04-10 11:46:20.000000'),
        (324, 34, null, null, 99687405.00, 38, 5120.00, '2023-05-19 00:00:00.000000', '2023-05-19 00:00:00.000000', false, 'PERSON', 'PERSON', 16, 1, null, 8, '2022-07-20 07:03:47.000000'),
        (325, 2, null, null, 97385399.00, 15, 12507.00, '2023-05-19 00:00:00.000000', '2023-05-19 00:00:00.000000', false, 'PERSON', 'PERSON', 52, 1, null, 1, '2023-05-06 18:06:07.000000'),
        (326, 12, null, null, 15886310.00, 47, 10427.00, '2023-05-19 00:00:00.000000', '2023-05-19 00:00:00.000000', false, 'PERSON', 'PERSON', 21, 1, null, 1, '2023-01-12 15:01:04.000000'),
        (327, 5, null, null, 46481781.00, 4, 10712.00, '2023-05-19 00:00:00.000000', '2023-05-19 00:00:00.000000', false, 'PERSON', 'PERSON', 33, 1, null, 24, '2023-05-01 16:01:29.000000'),
        (328, 154, null, null, 20809961.00, 46, 9997.00, '2023-05-19 00:00:00.000000', '2023-05-19 00:00:00.000000', false, 'PERSON', 'PERSON', 4, 1, null, 66, '2023-02-08 12:15:08.000000'),
        (329, 126, null, null, 60532727.00, 31, 9385.00, '2023-05-19 00:00:00.000000', '2023-05-19 00:00:00.000000', false, 'PERSON', 'PERSON', 18, 1, null, 8, '2022-10-21 08:45:27.000000'),
        (330, 4, null, null, 35096410.00, 31, 4085.00, '2023-05-19 00:00:00.000000', '2023-05-19 00:00:00.000000', false, 'PERSON', 'PERSON', 16, 1, null, 80, '2022-09-23 07:31:58.000000'),
        (331, 126, null, null, 33490704.00, 23, 7420.00, '2023-05-19 00:00:00.000000', '2023-05-19 00:00:00.000000', false, 'PERSON', 'PERSON', 115, 1, null, 56, '2023-05-06 19:49:31.000000'),
        (332, 2, null, null, 33813680.00, 20, 11705.00, '2023-05-19 00:00:00.000000', '2023-05-19 00:00:00.000000', false, 'PERSON', 'PERSON', 21, 1, null, 55, '2022-12-16 22:30:21.000000'),
        (333, 55, null, null, 26673253.00, 1, 6594.00, '2023-05-19 00:00:00.000000', '2023-05-19 00:00:00.000000', false, 'PERSON', 'PERSON', 36, 1, null, 20, '2022-09-03 06:40:54.000000'),
        (334, 6, null, null, 21582595.00, 32, 6262.00, '2023-05-19 00:00:00.000000', '2023-05-19 00:00:00.000000', false, 'PERSON', 'PERSON', 37, 1, null, 53, '2022-08-15 04:10:24.000000'),
        (335, 30, null, null, 35623737.00, 34, 6731.00, '2023-05-19 00:00:00.000000', '2023-05-19 00:00:00.000000', false, 'PERSON', 'PERSON', 12, 1, null, 78, '2022-08-25 13:52:56.000000'),
        (336, 34, null, null, 43297272.00, 40, 6235.00, '2023-05-19 00:00:00.000000', '2023-05-19 00:00:00.000000', false, 'PERSON', 'PERSON', 14, 1, null, 56, '2022-12-20 19:36:14.000000'),
        (337, 10, null, null, 51549660.00, 3, 14292.00, '2023-05-19 00:00:00.000000', '2023-05-19 00:00:00.000000', false, 'PERSON', 'PERSON', 8, 1, null, 52, '2023-03-19 20:48:02.000000'),
        (338, 30, null, null, 59319330.00, 1, 9727.00, '2023-05-19 00:00:00.000000', '2023-05-19 00:00:00.000000', false, 'PERSON', 'PERSON', 32, 1, null, 74, '2022-12-25 21:10:56.000000'),
        (339, 31, null, null, 78633275.00, 50, 10029.00, '2023-05-19 00:00:00.000000', '2023-05-19 00:00:00.000000', false, 'PERSON', 'PERSON', 30, 1, null, 19, '2023-05-01 03:38:38.000000'),
        (340, 55, null, null, 83594908.00, 47, 2075.00, '2023-05-19 00:00:00.000000', '2023-05-19 00:00:00.000000', false, 'PERSON', 'PERSON', 13, 1, null, 33, '2023-03-12 18:51:19.000000'),
        (341, 34, null, null, 38805139.00, 38, 5114.00, '2023-05-19 00:00:00.000000', '2023-05-19 00:00:00.000000', false, 'PERSON', 'PERSON', 27, 1, null, 64, '2023-01-30 16:40:51.000000'),
        (342, 19, null, null, 9354161.00, 9, 808.00, '2023-05-19 00:00:00.000000', '2023-05-19 00:00:00.000000', false, 'PERSON', 'PERSON', 14, 1, null, 69, '2022-06-07 21:06:37.000000'),
        (343, 144, null, null, 92313774.00, 44, 2809.00, '2023-05-19 00:00:00.000000', '2023-05-19 00:00:00.000000', false, 'PERSON', 'PERSON', 150, 1, null, 23, '2022-12-24 23:48:58.000000'),
        (344, 145, null, null, 49523483.00, 37, 14687.00, '2023-05-19 00:00:00.000000', '2023-05-19 00:00:00.000000', false, 'PERSON', 'PERSON', 146, 1, null, 73, '2022-08-22 18:04:16.000000'),
        (345, 25, null, null, 54257178.00, 47, 11898.00, '2023-05-19 00:00:00.000000', '2023-05-19 00:00:00.000000', false, 'PERSON', 'PERSON', 4, 1, null, 39, '2023-03-14 23:05:16.000000'),
        (346, 6, null, null, 43704714.00, 37, 2298.00, '2023-05-19 00:00:00.000000', '2023-05-19 00:00:00.000000', false, 'PERSON', 'PERSON', 26, 1, null, 52, '2022-12-11 03:45:25.000000'),
        (347, 8, null, null, 26137004.00, 27, 7972.00, '2023-05-19 00:00:00.000000', '2023-05-19 00:00:00.000000', false, 'PERSON', 'PERSON', 50, 1, null, 76, '2022-05-25 18:13:31.000000'),
        (348, 44, null, null, 75004608.00, 21, 10427.00, '2023-05-19 00:00:00.000000', '2023-05-19 00:00:00.000000', false, 'PERSON', 'PERSON', 30, 1, null, 43, '2023-02-21 01:26:16.000000'),
        (349, 13, null, null, 38339941.00, 2, 4608.00, '2023-05-19 00:00:00.000000', '2023-05-19 00:00:00.000000', false, 'PERSON', 'PERSON', 18, 1, null, 40, '2022-11-30 19:23:53.000000');


insert into public.l_managers_roles (id, manager_id, role_id, created)
values  (1, 1, 1, '2023-05-10 20:33:50.000000'),
        (3, 2, 1, '2023-05-10 20:56:03.270841'),
        (4, 55, 1, '2023-05-17 17:04:06.836768'),
        (5, 56, 1, '2023-05-18 17:06:11.584778'),
        (6, 3, 1, '2023-05-18 17:08:22.000000'),
        (7, 4, 1, '2023-05-18 17:08:22.000000'),
        (8, 5, 1, '2023-05-18 17:08:22.000000'),
        (9, 6, 1, '2023-05-18 17:08:22.000000'),
        (10, 7, 1, '2023-05-18 17:08:22.000000'),
        (11, 8, 1, '2023-05-18 17:08:22.000000'),
        (12, 9, 1, '2023-05-18 17:08:22.000000'),
        (13, 10, 1, '2023-05-18 17:08:22.000000'),
        (14, 11, 1, '2023-05-18 17:08:22.000000'),
        (15, 12, 1, '2023-05-18 17:08:22.000000'),
        (16, 13, 1, '2023-05-18 17:08:22.000000'),
        (17, 14, 1, '2023-05-18 17:08:22.000000'),
        (18, 15, 1, '2023-05-18 17:08:22.000000'),
        (19, 16, 1, '2023-05-18 17:08:22.000000'),
        (20, 17, 1, '2023-05-18 17:08:22.000000'),
        (21, 18, 1, '2023-05-18 17:08:22.000000'),
        (22, 19, 1, '2023-05-18 17:08:22.000000'),
        (23, 20, 1, '2023-05-18 17:08:22.000000'),
        (24, 21, 1, '2023-05-18 17:08:22.000000'),
        (25, 22, 1, '2023-05-18 17:08:22.000000'),
        (26, 23, 1, '2023-05-18 17:08:22.000000'),
        (27, 24, 1, '2023-05-18 17:08:22.000000'),
        (28, 25, 1, '2023-05-18 17:08:22.000000'),
        (29, 26, 1, '2023-05-18 17:08:22.000000'),
        (30, 27, 1, '2023-05-18 17:08:22.000000'),
        (31, 28, 1, '2023-05-18 17:08:22.000000'),
        (32, 29, 1, '2023-05-18 17:08:22.000000'),
        (33, 30, 1, '2023-05-18 17:08:22.000000'),
        (34, 31, 1, '2023-05-18 17:08:22.000000'),
        (35, 32, 1, '2023-05-18 17:08:22.000000'),
        (36, 33, 1, '2023-05-18 17:08:22.000000'),
        (37, 34, 1, '2023-05-18 17:08:22.000000'),
        (38, 35, 1, '2023-05-18 17:08:22.000000'),
        (39, 36, 1, '2023-05-18 17:08:22.000000'),
        (40, 37, 1, '2023-05-18 17:08:22.000000'),
        (41, 38, 1, '2023-05-18 17:08:22.000000'),
        (42, 39, 1, '2023-05-18 17:08:22.000000'),
        (43, 40, 1, '2023-05-18 17:08:22.000000'),
        (44, 41, 1, '2023-05-18 17:08:22.000000'),
        (45, 42, 1, '2023-05-18 17:08:22.000000'),
        (46, 43, 1, '2023-05-18 17:08:22.000000'),
        (47, 44, 1, '2023-05-18 17:08:22.000000'),
        (48, 45, 1, '2023-05-18 17:08:22.000000'),
        (49, 46, 1, '2023-05-18 17:08:22.000000'),
        (50, 47, 1, '2023-05-18 17:08:22.000000'),
        (51, 48, 1, '2023-05-18 17:08:22.000000'),
        (52, 49, 1, '2023-05-18 17:08:22.000000'),
        (53, 50, 1, '2023-05-18 17:08:22.000000'),
        (54, 51, 1, '2023-05-18 17:08:22.000000'),
        (55, 57, 1, '2023-05-22 20:00:57.972558'),
        (56, 58, 1, '2023-05-22 20:04:34.187130'),
        (57, 116, 1, '2023-05-23 14:01:20.461035');
